lof,expr_q,drug,metric,lineage_subset,covset,n,beta,ci_low,ci_high,p,p_fdr
expression_only,0.1,venetoclax,AUC,leukemia_only,lineage_plus_mcl1,41,-0.2797193960424797,-0.5663365771383952,0.0068977850534358565,0.0554788706672833,0.5053185720721185
expression_only,0.1,venetoclax,LN_IC50,leukemia_only,lineage_plus_mcl1,41,-0.23210248688114937,-0.514966612529141,0.050761638766842254,0.10484651241711178,0.5053185720721185
expression_only,0.2,venetoclax,AUC,leukemia_only,lineage_plus_mcl1,41,-0.23179350764531928,-0.48619411009103763,0.022607094800399047,0.0728844580743218,0.5053185720721185
expression_only,0.05,venetoclax,AUC,leukemia_only,lineage,62,-0.21441194244680448,-0.47023127278901056,0.041407387895401576,0.09881183941065139,0.5053185720721185
expression_only,0.05,venetoclax,AUC,leukemia_only,none,62,-0.2048071108202,-0.4575704254300006,0.047956203789600554,0.11030779183664098,0.5053185720721185
expression_only,0.05,venetoclax,LN_IC50,leukemia_only,lineage,62,-0.19683263211097557,-0.4536491885122938,0.05998392429034266,0.1304663413235216,0.5053185720721185
expression_only,0.2,venetoclax,LN_IC50,leukemia_only,lineage_plus_mcl1,41,-0.1925985830696227,-0.4431936339775949,0.05799646783834955,0.1279220031299678,0.5053185720721185
expression_only,0.05,venetoclax,LN_IC50,leukemia_only,none,62,-0.18777341038726195,-0.4414173194271631,0.06587049865263919,0.14388517670486142,0.5179866361375011
expression_only,0.05,navitoclax,AUC,leukemia_only,none,65,-0.16880126415700447,-0.41695567447614895,0.07935314616214001,0.17888972880716753,0.5629277595168115
expression_only,0.05,venetoclax,AUC,leukemia_only,lineage_plus_mcl1,41,-0.1647261979181137,-0.4208972803632989,0.09144488452707153,0.20065744602450336,0.5629277595168115
expression_only,0.05,navitoclax,AUC,leukemia_only,lineage,65,-0.15571975072267458,-0.4059992395407376,0.09455973809538842,0.21828213913407896,0.5659070440639328
expression_only,0.2,venetoclax,AUC,leukemia_only,lineage,62,-0.15473270430148714,-0.41204145547426274,0.10257604687128843,0.23366670098389586,0.5796745130192706
expression_only,0.2,venetoclax,AUC,leukemia_only,none,62,-0.1511931488291063,-0.40646185266957535,0.1040755550113627,0.24078534528240036,0.5796745130192706
expression_only,0.1,navitoclax,AUC,leukemia_only,lineage_plus_mcl1,44,-0.15069525078059118,-0.4163814313474252,0.1149909297862429,0.2584663561014959,0.5796745130192706
expression_only,0.05,navitoclax,LN_IC50,leukemia_only,none,65,-0.14800269032284355,-0.39699721051823444,0.10099182987254735,0.23936471039729804,0.5796745130192706
expression_only,0.05,navitoclax,LN_IC50,leukemia_only,lineage,65,-0.14008800863327542,-0.3922631516310286,0.11208713436447776,0.27108645043412205,0.5796745130192706
expression_only,0.05,venetoclax,LN_IC50,leukemia_only,lineage_plus_mcl1,41,-0.1375270862713437,-0.3882808396110639,0.11322666706837653,0.2736193186442788,0.5796745130192706
expression_only,0.1,venetoclax,AUC,lymphoma_only,lineage_plus_mcl1,28,-0.1160531056874225,-0.4295338127944511,0.19742760141960608,0.4529211001905034,0.6548256870224146
expression_only,0.2,venetoclax,AUC,lymphoma_only,lineage_plus_mcl1,28,-0.1160531056874225,-0.4295338127944511,0.19742760141960608,0.4529211001905034,0.6548256870224146
expression_only,0.2,venetoclax,LN_IC50,leukemia_only,lineage,62,-0.11586090281839213,-0.3745924185277998,0.14287061289101555,0.3738659821026994,0.6193791779095026
expression_only,0.05,venetoclax,AUC,lymphoma_only,none,48,-0.1156023829900451,-0.41039787154850926,0.17919310556841905,0.4339599127319243,0.6448508780345875
expression_only,0.05,venetoclax,AUC,lymphoma_only,lineage,48,-0.1156023829900451,-0.41039787154850926,0.17919310556841905,0.4339599127319243,0.6448508780345875
expression_only,0.2,navitoclax,AUC,leukemia_only,lineage_plus_mcl1,44,-0.11470779669081657,-0.3528839522889079,0.12346835890727473,0.3362201363690831,0.5964211460058119
expression_only,0.2,venetoclax,LN_IC50,leukemia_only,none,62,-0.1125751968326835,-0.36917097422263745,0.1440205805572705,0.38367099076060857,0.6193791779095026
expression_only,0.05,navitoclax,AUC,leukemia_only,lineage_plus_mcl1,44,-0.10783300248650257,-0.3442510046034798,0.12858499963047465,0.3621410641320032,0.6193791779095026
expression_only,0.2,venetoclax,AUC,all_heme,none,165,-0.10430512592401142,-0.2581260209532501,0.04951576910522723,0.18244071001913012,0.5629277595168115
expression_only,0.2,venetoclax,AUC,all_heme,lineage,165,-0.10398918666268475,-0.2572857507998595,0.049307377474490016,0.18226644253507354,0.5629277595168115
expression_only,0.05,venetoclax,LN_IC50,lymphoma_only,lineage,48,-0.10307952165582282,-0.39828384629307234,0.19212480298142673,0.48568294055013156,0.6883695220395565
expression_only,0.05,venetoclax,LN_IC50,lymphoma_only,none,48,-0.10307952165582282,-0.39828384629307234,0.19212480298142673,0.48568294055013156,0.6883695220395565
expression_only,0.2,venetoclax,AUC,all_heme,lineage_plus_mcl1,116,-0.09793399082666357,-0.23514029347125368,0.039272311817926536,0.16006316938201615,0.5346106189316165
expression_only,0.05,venetoclax,AUC,lymphoma_only,lineage_plus_mcl1,28,-0.09675734603280954,-0.4009256835581696,0.2074109914925505,0.5183554878469644,0.7094256434766582
expression_only,0.05,venetoclax,AUC,all_heme,lineage,165,-0.09153036130988894,-0.2453222533412358,0.06226153072145792,0.24161258589899745,0.5796745130192706
expression_only,0.2,venetoclax,LN_IC50,all_heme,none,165,-0.08436369564770423,-0.2384768579638668,0.06974946666845834,0.2813217904362659,0.5796745130192706
expression_only,0.1,venetoclax,LN_IC50,lymphoma_only,lineage_plus_mcl1,28,-0.08427689910242736,-0.3909509057343149,0.22239710752946018,0.5764525970799425,0.7464853775135946
expression_only,0.2,venetoclax,LN_IC50,lymphoma_only,lineage_plus_mcl1,28,-0.08427689910242736,-0.3909509057343149,0.22239710752946018,0.5764525970799425,0.7464853775135946
expression_only,0.05,venetoclax,AUC,all_heme,none,165,-0.08404792620576551,-0.23816521565152227,0.07006936323999124,0.28313297140694565,0.5796745130192706
expression_only,0.2,venetoclax,LN_IC50,all_heme,lineage,165,-0.08402326025432122,-0.2374525628927539,0.06940604238411147,0.2811159394184873,0.5796745130192706
expression_only,0.05,venetoclax,LN_IC50,all_heme,lineage,165,-0.08379181446058379,-0.23752783623145157,0.069944207310284,0.283396428587199,0.5796745130192706
expression_only,0.1,venetoclax,AUC,leukemia_only,lineage,62,-0.07872332085970231,-0.34164217611280545,0.18419553439340086,0.5513737896119758,0.7244327162785084
expression_only,0.05,navitoclax,LN_IC50,leukemia_only,lineage_plus_mcl1,44,-0.07842765951505595,-0.3033327905227071,0.14647747149259518,0.48503201414539565,0.6883695220395565
expression_only,0.05,venetoclax,LN_IC50,all_heme,none,165,-0.07579237665476486,-0.23001203975285378,0.07842728644332404,0.3332632177035,0.5964211460058119
expression_only,0.2,venetoclax,LN_IC50,all_heme,lineage_plus_mcl1,116,-0.07502393133525147,-0.2109226110534983,0.06087474838299535,0.27637569660404643,0.5796745130192706
expression_only,0.1,venetoclax,AUC,all_heme,lineage_plus_mcl1,116,-0.07091751605840797,-0.20931368865052014,0.06747865653370418,0.3121499998735859,0.5912165775540534
expression_only,0.05,venetoclax,LN_IC50,lymphoma_only,lineage_plus_mcl1,28,-0.06863354452765347,-0.36586455081486213,0.2285974617595552,0.6385116522045121,0.7953778366561396
expression_only,0.1,venetoclax,AUC,leukemia_only,none,62,-0.06699392601910709,-0.32465110410465803,0.19066325206644386,0.6049068505970471,0.7799152926038319
continuous_score,0.2,venetoclax,AUC,leukemia_only,lineage_plus_mcl1,41,-0.06454348633430679,-0.3766472240992791,0.2475602514306655,0.6776246186322367,0.8213550845835887
any_of_three,0.2,venetoclax,AUC,leukemia_only,lineage_plus_mcl1,41,-0.06454348633430672,-0.3766472240992789,0.24756025143066546,0.6776246186322368,0.8213550845835887
expression_only,0.1,navitoclax,LN_IC50,leukemia_only,lineage_plus_mcl1,44,-0.06338895019318089,-0.3183391876865517,0.19156128730018993,0.6180675515662183,0.7804438119769782
expression_only,0.1,venetoclax,LN_IC50,all_heme,lineage_plus_mcl1,116,-0.05099491373008191,-0.18788273117583146,0.08589290371566763,0.46198423313658016,0.6630012001052353
expression_only,0.05,navitoclax,AUC,all_heme,lineage,171,-0.04777971082282304,-0.19851095019904128,0.1029515285533952,0.5323023766776809,0.7097365022369079
expression_only,0.1,venetoclax,AUC,all_heme,lineage,165,-0.04743186608972209,-0.20185801177202922,0.10699427959258506,0.5450103253129784,0.718694934478653
expression_only,0.1,venetoclax,AUC,all_heme,none,165,-0.03839998258891876,-0.1929504464727292,0.11615048129489168,0.6243550495815826,0.7804438119769782
expression_only,0.05,navitoclax,AUC,all_heme,none,171,-0.03800315383448475,-0.1897473380808176,0.1137410304118481,0.6216670701499566,0.7804438119769782
expression_only,0.1,venetoclax,LN_IC50,leukemia_only,lineage,62,-0.034454875250886176,-0.29805918392760405,0.2291494334258317,0.7945841452051539,0.87745488427563
expression_only,0.1,venetoclax,LN_IC50,all_heme,lineage,165,-0.03112866698464615,-0.18549292561156483,0.12323559164227255,0.6909955116073435,0.823703258869681
expression_only,0.2,navitoclax,LN_IC50,leukemia_only,lineage_plus_mcl1,44,-0.030717469083843117,-0.25875879117512995,0.1973238530074437,0.7868367091126791,0.8718863417726886
expression_only,0.2,venetoclax,AUC,lymphoma_only,lineage,48,-0.030117804622544875,-0.3267684344159124,0.26653282517082266,0.8389724534041838,0.8962317009658937
expression_only,0.1,venetoclax,AUC,lymphoma_only,none,48,-0.030117804622544875,-0.3267684344159124,0.26653282517082266,0.8389724534041838,0.8962317009658937
expression_only,0.1,venetoclax,AUC,lymphoma_only,lineage,48,-0.030117804622544875,-0.3267684344159124,0.26653282517082266,0.8389724534041838,0.8962317009658937
expression_only,0.2,venetoclax,AUC,lymphoma_only,none,48,-0.030117804622544875,-0.3267684344159124,0.26653282517082266,0.8389724534041838,0.8962317009658937
expression_only,0.2,navitoclax,AUC,leukemia_only,none,65,-0.029703848073656915,-0.28135999745249424,0.22195230130518043,0.8142978462729138,0.8829685768660329
continuous_score,0.2,venetoclax,LN_IC50,leukemia_only,lineage_plus_mcl1,41,-0.026791478064902105,-0.33105221256334616,0.2774692564335419,0.8593703579638946,0.9042260196210267
any_of_three,0.2,venetoclax,LN_IC50,leukemia_only,lineage_plus_mcl1,41,-0.026791478064902077,-0.331052212563346,0.27746925643354187,0.8593703579638947,0.9042260196210267
expression_only,0.2,navitoclax,AUC,all_heme,lineage,171,-0.02665938446676218,-0.1772022706631528,0.12388350172962846,0.7270729304897454,0.8431083720210415
expression_only,0.2,navitoclax,AUC,all_heme,none,171,-0.02627199043385483,-0.17807345585549247,0.1255294749877828,0.7330358901182944,0.8431083720210415
expression_only,0.05,venetoclax,AUC,all_heme,lineage_plus_mcl1,116,-0.02472974274077623,-0.16575431728504164,0.11629483180348917,0.7289062726778586,0.8431083720210415
expression_only,0.1,venetoclax,LN_IC50,leukemia_only,none,62,-0.024380285552588216,-0.28254086462783945,0.23378029352266302,0.8508047853290237,0.9042260196210267
expression_only,0.2,navitoclax,AUC,leukemia_only,lineage,65,-0.022361397420493527,-0.27438107777493687,0.2296582829339498,0.8597988665245246,0.9042260196210267
expression_only,0.05,navitoclax,LN_IC50,all_heme,lineage,171,-0.021929921297876652,-0.17197300418404554,0.12811316158829222,0.7732876141169457,0.8718863417726886
expression_only,0.1,venetoclax,LN_IC50,all_heme,none,165,-0.021520919410353626,-0.1761496357418464,0.13310779692113917,0.7837992127544929,0.8718863417726886
any_of_three,0.1,venetoclax,AUC,leukemia_only,lineage_plus_mcl1,41,-0.01981593957772746,-0.36514344963123047,0.3255115704757755,0.9080680914929622,0.9310329974204316
continuous_score,0.1,venetoclax,AUC,leukemia_only,lineage_plus_mcl1,41,-0.01981593957772742,-0.3651434496312304,0.32551157047577556,0.9080680914929624,0.9310329974204316
expression_only,0.1,navitoclax,AUC,all_heme,lineage_plus_mcl1,120,-0.018426598341425383,-0.14222506226506804,0.10537186558221728,0.768671071180009,0.8718863417726886
expression_only,0.2,navitoclax,AUC,all_heme,lineage_plus_mcl1,120,-0.015872661950733273,-0.13913059971548444,0.10738527581401791,0.7991306868623455,0.8797769029677198
expression_only,0.05,venetoclax,LN_IC50,all_heme,lineage_plus_mcl1,116,-0.011726845472533276,-0.15097189234438627,0.1275182013993197,0.8677765074368606,0.9042260196210267
expression_only,0.05,navitoclax,LN_IC50,all_heme,none,171,-0.010196218775701135,-0.1620422055565045,0.1416497680051022,0.894700855907749,0.9255526095597403
continuous_score,0.2,venetoclax,AUC,all_heme,lineage_plus_mcl1,116,-0.007425557820383755,-0.17271903676674288,0.15786792112597536,0.9292328443251521,0.9449825535510021
any_of_three,0.2,venetoclax,AUC,all_heme,lineage_plus_mcl1,116,-0.007425557820383755,-0.17271903676674288,0.15786792112597536,0.9292328443251521,0.9449825535510021
expression_only,0.2,venetoclax,LN_IC50,lymphoma_only,lineage,48,-0.0004333007568585699,-0.29721853753647176,0.29635193602275467,0.997667897058596,0.997667897058596
expression_only,0.2,venetoclax,LN_IC50,lymphoma_only,none,48,-0.0004333007568585699,-0.29721853753647176,0.29635193602275467,0.997667897058596,0.997667897058596
expression_only,0.1,venetoclax,LN_IC50,lymphoma_only,lineage,48,-0.0004333007568585699,-0.29721853753647176,0.29635193602275467,0.997667897058596,0.997667897058596
expression_only,0.1,venetoclax,LN_IC50,lymphoma_only,none,48,-0.0004333007568585699,-0.29721853753647176,0.29635193602275467,0.997667897058596,0.997667897058596
expression_only,0.05,navitoclax,AUC,lymphoma_only,lineage,49,0.0032240825230178682,-0.29021690527954574,0.2966650703255815,0.9824591198891273,0.9934979864047354
expression_only,0.05,navitoclax,AUC,lymphoma_only,none,49,0.0032240825230178682,-0.29021690527954574,0.2966650703255815,0.9824591198891273,0.9934979864047354
expression_only,0.1,navitoclax,AUC,all_heme,lineage,171,0.010659436958222798,-0.14039699629286465,0.16171587020931025,0.8893718884981956,0.922691296424641
any_of_three,0.1,venetoclax,LN_IC50,leukemia_only,lineage_plus_mcl1,41,0.018801439612817144,-0.31719969880484306,0.3548025780304774,0.910343375255533,0.9310329974204316
continuous_score,0.1,venetoclax,LN_IC50,leukemia_only,lineage_plus_mcl1,41,0.018801439612817165,-0.31719969880484306,0.3548025780304774,0.9103433752555329,0.9310329974204316
any_of_three,0.2,venetoclax,AUC,all_heme,lineage,165,0.021185607787273054,-0.13347424501417782,0.1758454605887239,0.7871196141003439,0.8718863417726886
continuous_score,0.2,venetoclax,AUC,all_heme,lineage,165,0.021185607787273054,-0.13347424501417782,0.1758454605887239,0.7871196141003439,0.8718863417726886
expression_only,0.2,navitoclax,LN_IC50,all_heme,lineage,171,0.0215935541433149,-0.12814310155304706,0.17133020983967687,0.776226421874958,0.8718863417726886
expression_only,0.2,navitoclax,LN_IC50,all_heme,none,171,0.022064009329301002,-0.12975290394857814,0.17388092260718013,0.7745388342851371,0.8718863417726886
expression_only,0.1,navitoclax,AUC,all_heme,none,171,0.02236222010130234,-0.12945368701933435,0.17417812722193904,0.7715749150542008,0.8718863417726886
any_of_three,0.2,venetoclax,LN_IC50,all_heme,lineage_plus_mcl1,116,0.022403879118192124,-0.1406880626030555,0.18549582083943972,0.7859845151135043,0.8718863417726886
continuous_score,0.2,venetoclax,LN_IC50,all_heme,lineage_plus_mcl1,116,0.022403879118192124,-0.1406880626030555,0.18549582083943972,0.7859845151135043,0.8718863417726886
expression_only,0.1,navitoclax,AUC,leukemia_only,none,65,0.029305304355037587,-0.22235380680993977,0.28096441552001494,0.8167459336010805,0.8829685768660329
continuous_score,0.1,venetoclax,AUC,all_heme,lineage_plus_mcl1,116,0.029396580967263487,-0.14049951589082305,0.19929267782535004,0.7323686123538395,0.8431083720210415
any_of_three,0.1,venetoclax,AUC,all_heme,lineage_plus_mcl1,116,0.02939658096726358,-0.14049951589082293,0.1992926778253501,0.7323686123538389,0.8431083720210415
continuous_score,0.2,venetoclax,AUC,all_heme,none,165,0.030630570491693355,-0.12396139380217042,0.1852225347855571,0.6961244960825004,0.8243579558871715
any_of_three,0.2,venetoclax,AUC,all_heme,none,165,0.030630570491693355,-0.12396139380217042,0.1852225347855571,0.6961244960825004,0.8243579558871715
continuous_score,0.1,venetoclax,AUC,lymphoma_only,lineage_plus_mcl1,28,0.030708873568065252,-0.34902716333932504,0.4104449104754555,0.8690616744135423,0.9042260196210267
continuous_score,0.2,venetoclax,AUC,lymphoma_only,lineage_plus_mcl1,28,0.030708873568065252,-0.34902716333932504,0.4104449104754555,0.8690616744135423,0.9042260196210267
any_of_three,0.2,venetoclax,AUC,lymphoma_only,lineage_plus_mcl1,28,0.030708873568065356,-0.34902716333932493,0.4104449104754556,0.8690616744135419,0.9042260196210267
any_of_three,0.1,venetoclax,AUC,lymphoma_only,lineage_plus_mcl1,28,0.030708873568065356,-0.34902716333932493,0.4104449104754556,0.8690616744135419,0.9042260196210267
expression_only,0.1,navitoclax,LN_IC50,all_heme,lineage_plus_mcl1,120,0.031208556828394685,-0.08850449138121477,0.15092160503800414,0.6066007831363137,0.7799152926038319
expression_only,0.2,navitoclax,LN_IC50,all_heme,lineage_plus_mcl1,120,0.036564712077534076,-0.08256168349885179,0.15569110765391994,0.5444194700446566,0.718694934478653
expression_only,0.05,navitoclax,AUC,all_heme,lineage_plus_mcl1,120,0.0385389969799208,-0.08694983214105526,0.16402782610089686,0.5441962757742284,0.718694934478653
continuous_score,0.1,venetoclax,LN_IC50,lymphoma_only,lineage_plus_mcl1,28,0.04282697512493153,-0.3265476917858954,0.4122016420357585,0.8132133355996666,0.8829685768660329
continuous_score,0.2,venetoclax,LN_IC50,lymphoma_only,lineage_plus_mcl1,28,0.04282697512493153,-0.3265476917858954,0.4122016420357585,0.8132133355996666,0.8829685768660329
any_of_three,0.2,venetoclax,LN_IC50,lymphoma_only,lineage_plus_mcl1,28,0.04282697512493168,-0.32654769178589527,0.4122016420357586,0.8132133355996659,0.8829685768660329
any_of_three,0.1,venetoclax,LN_IC50,lymphoma_only,lineage_plus_mcl1,28,0.04282697512493168,-0.32654769178589527,0.4122016420357586,0.8132133355996659,0.8829685768660329
expression_only,0.05,navitoclax,AUC,lymphoma_only,lineage_plus_mcl1,29,0.04420913934993539,-0.2701360544500619,0.3585543331499326,0.7748071744962803,0.8718863417726886
any_of_three,0.2,navitoclax,AUC,all_heme,lineage,171,0.047958192355380874,-0.10307171056583897,0.19898809527660072,0.5315857095278573,0.7097365022369079
continuous_score,0.2,navitoclax,AUC,all_heme,lineage,171,0.04795819235538089,-0.10307171056583898,0.19898809527660077,0.5315857095278573,0.7097365022369079
any_of_three,0.05,navitoclax,AUC,all_heme,lineage,171,0.0485406696714062,-0.10317336678991217,0.20025470613272456,0.5284823184028463,0.7097365022369079
continuous_score,0.05,navitoclax,AUC,all_heme,lineage,171,0.0485406696714062,-0.10317336678991217,0.20025470613272456,0.5284823184028463,0.7097365022369079
expression_only,0.05,navitoclax,LN_IC50,lymphoma_only,lineage,49,0.05094804091494781,-0.24211337976801683,0.34400946159791246,0.7280988922590028,0.8431083720210415
expression_only,0.05,navitoclax,LN_IC50,lymphoma_only,none,49,0.05094804091494781,-0.24211337976801683,0.34400946159791246,0.7280988922590028,0.8431083720210415
continuous_score,0.05,venetoclax,AUC,all_heme,lineage,165,0.05223217054097456,-0.10297132411754403,0.20743566519949316,0.5072699987792262,0.702373844463544
any_of_three,0.05,venetoclax,AUC,all_heme,lineage,165,0.05223217054097458,-0.10297132411754399,0.20743566519949314,0.507269998779226,0.702373844463544
expression_only,0.1,navitoclax,AUC,leukemia_only,lineage,65,0.0523487658998372,-0.20248057691348834,0.30717810871316276,0.6827506429335917,0.8220409078799097
any_of_three,0.2,venetoclax,AUC,leukemia_only,lineage,62,0.05518353178279807,-0.21111595651982062,0.32148302008541674,0.6798994866830818,0.8213550845835887
continuous_score,0.2,venetoclax,AUC,leukemia_only,lineage,62,0.05518353178279811,-0.21111595651982062,0.32148302008541685,0.6798994866830815,0.8213550845835887
expression_only,0.1,navitoclax,LN_IC50,all_heme,lineage,171,0.05598249938231707,-0.09401306661249385,0.20597806537712798,0.4622591700733724,0.6630012001052353
continuous_score,0.1,venetoclax,LN_IC50,all_heme,lineage_plus_mcl1,116,0.05666479407538777,-0.11077016365728187,0.2240997518080574,0.5038856714672023,0.702373844463544
any_of_three,0.1,venetoclax,LN_IC50,all_heme,lineage_plus_mcl1,116,0.05666479407538781,-0.1107701636572818,0.2240997518080574,0.503885671467202,0.702373844463544
expression_only,0.2,navitoclax,LN_IC50,leukemia_only,none,65,0.057326565646263566,-0.1940266414892566,0.3086797727817837,0.6501260690155224,0.8064352099947346
continuous_score,0.2,venetoclax,LN_IC50,all_heme,lineage,165,0.05926654353296595,-0.0949927303165708,0.2135258173825027,0.4491419377811858,0.6546198283450481
any_of_three,0.2,venetoclax,LN_IC50,all_heme,lineage,165,0.05926654353296595,-0.0949927303165708,0.2135258173825027,0.4491419377811858,0.6546198283450481
continuous_score,0.2,navitoclax,AUC,all_heme,none,171,0.06099115595221594,-0.09058001923399253,0.2125623311384244,0.4280976796437579,0.6448333249864135
any_of_three,0.2,navitoclax,AUC,all_heme,none,171,0.060991155952215964,-0.09058001923399256,0.2125623311384245,0.4280976796437579,0.6448333249864135
continuous_score,0.2,navitoclax,AUC,leukemia_only,lineage_plus_mcl1,44,0.061899707623609995,-0.2212574776757326,0.3450568929229526,0.6610002991993373,0.8093881214685763
any_of_three,0.2,navitoclax,AUC,leukemia_only,lineage_plus_mcl1,44,0.06189970762361015,-0.22125747767573262,0.3450568929229529,0.6610002991993367,0.8093881214685763
expression_only,0.2,navitoclax,LN_IC50,leukemia_only,lineage,65,0.06231198150876323,-0.19055888381259167,0.3151828468301181,0.6240472310950084,0.7804438119769782
continuous_score,0.2,venetoclax,AUC,leukemia_only,none,62,0.06526252879091216,-0.19242428085046748,0.3229493384322918,0.6142912087453762,0.7804438119769782
any_of_three,0.2,venetoclax,AUC,leukemia_only,none,62,0.06526252879091218,-0.1924242808504675,0.3229493384322919,0.6142912087453761,0.7804438119769782
any_of_three,0.05,venetoclax,AUC,all_heme,none,165,0.06589625719981977,-0.08843211318352424,0.2202246275831638,0.40038588030973965,0.6270817165601786
continuous_score,0.05,venetoclax,AUC,all_heme,none,165,0.0658962571998198,-0.08843211318352424,0.22022462758316386,0.40038588030973954,0.6270817165601786
continuous_score,0.1,venetoclax,AUC,all_heme,lineage,165,0.06600658379525662,-0.08924151227435198,0.22125467986486522,0.4023774347927813,0.6270817165601786
any_of_three,0.1,venetoclax,AUC,all_heme,lineage,165,0.06600658379525673,-0.08924151227435198,0.22125467986486544,0.4023774347927808,0.6270817165601786
continuous_score,0.05,navitoclax,AUC,all_heme,none,171,0.06722607167529858,-0.08428428030716852,0.2187364236577657,0.38231654483932737,0.6193791779095026
any_of_three,0.05,navitoclax,AUC,all_heme,none,171,0.06722607167529858,-0.08428428030716852,0.2187364236577657,0.38231654483932737,0.6193791779095026
expression_only,0.05,navitoclax,LN_IC50,all_heme,lineage_plus_mcl1,120,0.06888217738798844,-0.05209147308248127,0.18985582785845814,0.26174648914984816,0.5796745130192706
any_of_three,0.2,venetoclax,LN_IC50,all_heme,none,165,0.06917756976988762,-0.08511644696462134,0.22347158650439658,0.3772876849546418,0.6193791779095026
continuous_score,0.2,venetoclax,LN_IC50,all_heme,none,165,0.06917756976988762,-0.08511644696462134,0.22347158650439658,0.3772876849546418,0.6193791779095026
continuous_score,0.05,venetoclax,AUC,lymphoma_only,lineage_plus_mcl1,28,0.06971842111592294,-0.3300309722615089,0.46946781449335473,0.722465691803199,0.8431083720210415
any_of_three,0.05,venetoclax,AUC,lymphoma_only,lineage_plus_mcl1,28,0.06971842111592298,-0.3300309722615089,0.46946781449335484,0.7224656918031989,0.8431083720210415
expression_only,0.1,navitoclax,LN_IC50,all_heme,none,171,0.06993920022801522,-0.08154282905645371,0.22142122951248416,0.3633610382043079,0.6193791779095026
any_of_three,0.2,navitoclax,AUC,all_heme,lineage_plus_mcl1,120,0.07005100073334561,-0.07672155017490606,0.21682355164159728,0.3464680481935877,0.6084316943887393
continuous_score,0.2,navitoclax,AUC,all_heme,lineage_plus_mcl1,120,0.07005100073334564,-0.07672155017490606,0.21682355164159733,0.3464680481935876,0.6084316943887393
expression_only,0.2,navitoclax,AUC,lymphoma_only,lineage_plus_mcl1,29,0.07088013688180793,-0.25054735004350126,0.39230762380711715,0.6541085592179514,0.8064352099947346
expression_only,0.1,navitoclax,AUC,lymphoma_only,lineage_plus_mcl1,29,0.07088013688180793,-0.25054735004350126,0.39230762380711715,0.6541085592179514,0.8064352099947346
continuous_score,0.05,navitoclax,AUC,leukemia_only,none,65,0.07108596160195133,-0.18004435923002224,0.32221628243392486,0.5736352826573871,0.7464853775135946
any_of_three,0.05,navitoclax,AUC,leukemia_only,none,65,0.07108596160195135,-0.18004435923002232,0.322216282433925,0.5736352826573871,0.7464853775135946
any_of_three,0.1,navitoclax,AUC,all_heme,lineage,171,0.07572160292214856,-0.07590811933920301,0.22735132518350015,0.3256105171415886,0.5964211460058119
continuous_score,0.1,navitoclax,AUC,all_heme,lineage,171,0.07572160292214866,-0.0759081193392031,0.22735132518350043,0.3256105171415886,0.5964211460058119
continuous_score,0.05,venetoclax,LN_IC50,lymphoma_only,lineage_plus_mcl1,28,0.07632150554288875,-0.3124816130372931,0.4651246241230706,0.6894414364660342,0.823703258869681
any_of_three,0.05,venetoclax,LN_IC50,lymphoma_only,lineage_plus_mcl1,28,0.07632150554288879,-0.3124816130372931,0.4651246241230707,0.6894414364660342,0.823703258869681
any_of_three,0.1,navitoclax,AUC,all_heme,lineage_plus_mcl1,120,0.07784024642025852,-0.0729817459322982,0.22866223877281525,0.3088065221294359,0.5912165775540534
continuous_score,0.1,navitoclax,AUC,all_heme,lineage_plus_mcl1,120,0.07784024642025868,-0.07298174593229804,0.22866223877281538,0.3088065221294349,0.5912165775540534
continuous_score,0.1,venetoclax,AUC,all_heme,none,165,0.08023356858270708,-0.0739323438556441,0.23439948102105826,0.3056292028508586,0.5912165775540534
any_of_three,0.1,venetoclax,AUC,all_heme,none,165,0.08023356858270712,-0.07393234385564408,0.23439948102105834,0.3056292028508586,0.5912165775540534
mutation_only,0.05,navitoclax,AUC,all_heme,lineage,171,0.08361892391623985,-0.06739981316205979,0.23463766099453948,0.2759129179005254,0.5796745130192706
continuous_score,0.05,venetoclax,LN_IC50,all_heme,lineage,165,0.08438918208164273,-0.07031022273108531,0.23908858689437076,0.2829853346459418,0.5796745130192706
any_of_three,0.05,venetoclax,LN_IC50,all_heme,lineage,165,0.08438918208164276,-0.07031022273108525,0.23908858689437076,0.28298533464594156,0.5796745130192706
any_of_three,0.05,venetoclax,AUC,leukemia_only,lineage_plus_mcl1,41,0.08499676341603464,-0.26043749143774736,0.4304310182698166,0.621040223834781,0.7804438119769782
continuous_score,0.05,venetoclax,AUC,leukemia_only,lineage_plus_mcl1,41,0.08499676341603483,-0.2604374914377474,0.4304310182698171,0.6210402238347803,0.7804438119769782
any_of_three,0.05,venetoclax,AUC,all_heme,lineage_plus_mcl1,116,0.08643968810564763,-0.09092753125146406,0.2638069074627593,0.33631525733105505,0.5964211460058119
continuous_score,0.05,venetoclax,AUC,all_heme,lineage_plus_mcl1,116,0.08643968810564766,-0.09092753125146406,0.26380690746275937,0.33631525733105494,0.5964211460058119
continuous_score,0.05,navitoclax,LN_IC50,all_heme,lineage,171,0.08819924035577895,-0.06226435694715032,0.23866283765870822,0.24881936754478023,0.5796745130192706
any_of_three,0.05,navitoclax,LN_IC50,all_heme,lineage,171,0.08819924035577896,-0.06226435694715031,0.23866283765870822,0.2488193675447801,0.5796745130192706
any_of_three,0.05,venetoclax,AUC,leukemia_only,lineage,62,0.09132713505658943,-0.1776306851526865,0.36028495526586535,0.49950567906129456,0.702373844463544
continuous_score,0.05,venetoclax,AUC,leukemia_only,lineage,62,0.09132713505658951,-0.17763068515268665,0.3602849552658657,0.49950567906129445,0.702373844463544
continuous_score,0.1,navitoclax,AUC,all_heme,none,171,0.09502223309219443,-0.05614453151797233,0.2461889977023612,0.2163610306462548,0.5659070440639328
any_of_three,0.1,navitoclax,AUC,all_heme,none,171,0.09502223309219443,-0.05614453151797233,0.2461889977023612,0.2163610306462548,0.5659070440639328
any_of_three,0.05,venetoclax,LN_IC50,all_heme,none,165,0.09864442259309611,-0.055265775959807195,0.2525546211459994,0.2074694304538735,0.5629277595168115
continuous_score,0.05,venetoclax,LN_IC50,all_heme,none,165,0.09864442259309614,-0.05526577595980722,0.25255462114599947,0.20746943045387356,0.5629277595168115
continuous_score,0.1,navitoclax,AUC,leukemia_only,lineage_plus_mcl1,44,0.09886868099555995,-0.21063691033698967,0.4083742723281096,0.5222160986703178,0.7094256434766582
any_of_three,0.1,navitoclax,AUC,leukemia_only,lineage_plus_mcl1,44,0.09886868099556005,-0.21063691033698956,0.4083742723281097,0.5222160986703175,0.7094256434766582
mutation_only,0.05,navitoclax,AUC,all_heme,none,171,0.09935957793055947,-0.05174286795063987,0.2504620238117588,0.19602242312064191,0.5629277595168115
any_of_three,0.05,venetoclax,AUC,leukemia_only,none,62,0.10025164923120493,-0.15668471871021983,0.3571880171726297,0.43817798487668397,0.6448508780345875
continuous_score,0.05,venetoclax,AUC,leukemia_only,none,62,0.100251649231205,-0.15668471871021994,0.35718801717262993,0.43817798487668397,0.6448508780345875
continuous_score,0.05,navitoclax,LN_IC50,leukemia_only,none,65,0.10233644338358786,-0.14810898268961545,0.35278186945679113,0.4172584244181987,0.6392043948534107
any_of_three,0.05,navitoclax,LN_IC50,leukemia_only,none,65,0.10233644338358791,-0.1481089826896155,0.35278186945679135,0.4172584244181986,0.6392043948534107
continuous_score,0.1,venetoclax,LN_IC50,all_heme,lineage,165,0.10241863469635577,-0.05218981632691792,0.25702708571962946,0.19268285703546767,0.5629277595168115
any_of_three,0.1,venetoclax,LN_IC50,all_heme,lineage,165,0.10241863469635593,-0.05218981632691791,0.25702708571962973,0.1926828570354674,0.5629277595168115
continuous_score,0.2,navitoclax,LN_IC50,all_heme,lineage,171,0.10276902493923595,-0.046792340601874344,0.2523303904803462,0.17674943625972164,0.5629277595168115
any_of_three,0.2,navitoclax,LN_IC50,all_heme,lineage,171,0.10276902493923597,-0.0467923406018743,0.2523303904803462,0.17674943625972153,0.5629277595168115
continuous_score,0.2,navitoclax,LN_IC50,leukemia_only,lineage_plus_mcl1,44,0.10703571211339932,-0.15963489828917263,0.37370632251597125,0.4220430292813305,0.6410780191615146
any_of_three,0.2,navitoclax,LN_IC50,leukemia_only,lineage_plus_mcl1,44,0.10703571211339949,-0.15963489828917268,0.3737063225159717,0.4220430292813301,0.6410780191615146
continuous_score,0.2,navitoclax,AUC,leukemia_only,none,65,0.1080202937000028,-0.14227378124756093,0.3583143686475665,0.3917215748062267,0.6240733618652596
any_of_three,0.2,navitoclax,AUC,leukemia_only,none,65,0.10802029370000285,-0.142273781247561,0.3583143686475667,0.3917215748062267,0.6240733618652596
any_of_three,0.05,venetoclax,LN_IC50,all_heme,lineage_plus_mcl1,116,0.10830697431392636,-0.06630328854962136,0.2829172371774741,0.221646925591707,0.5659070440639328
continuous_score,0.05,venetoclax,LN_IC50,all_heme,lineage_plus_mcl1,116,0.10830697431392644,-0.06630328854962134,0.2829172371774742,0.22164692559170687,0.5659070440639328
any_of_three,0.05,venetoclax,LN_IC50,leukemia_only,lineage_plus_mcl1,41,0.10838019702950191,-0.22691084756483432,0.44367124162383814,0.5165507886865075,0.7094256434766582
continuous_score,0.05,venetoclax,LN_IC50,leukemia_only,lineage_plus_mcl1,41,0.10838019702950213,-0.22691084756483432,0.4436712416238386,0.5165507886865068,0.7094256434766582
any_of_three,0.2,venetoclax,LN_IC50,leukemia_only,lineage,62,0.10846384528499808,-0.1567625935017088,0.37369028407170496,0.41647685057096,0.6392043948534107
continuous_score,0.2,venetoclax,LN_IC50,leukemia_only,lineage,62,0.10846384528499813,-0.15676259350170874,0.373690284071705,0.41647685057095973,0.6392043948534107
any_of_three,0.05,navitoclax,LN_IC50,all_heme,none,171,0.11041180829131898,-0.0405136263146907,0.2613372428973287,0.1505387526219116,0.526154863532895
continuous_score,0.05,navitoclax,LN_IC50,all_heme,none,171,0.11041180829131898,-0.0405136263146907,0.2613372428973287,0.1505387526219116,0.526154863532895
mutation_only,0.05,venetoclax,AUC,all_heme,lineage,165,0.11362238418134313,-0.04045425821063511,0.26769902657332134,0.14726280351942903,0.5248971214553906
mutation_only,0.05,navitoclax,LN_IC50,all_heme,lineage,171,0.1136970325102909,-0.03602955636312399,0.2634236213837058,0.13571776112200618,0.5053185720721185
any_of_three,0.05,navitoclax,AUC,leukemia_only,lineage,65,0.11427527302907266,-0.14528910845484094,0.37383965451298623,0.38222373416362915,0.6193791779095026
continuous_score,0.05,navitoclax,AUC,leukemia_only,lineage,65,0.11427527302907267,-0.14528910845484092,0.3738396545129863,0.38222373416362904,0.6193791779095026
continuous_score,0.2,navitoclax,LN_IC50,all_heme,lineage_plus_mcl1,120,0.11438503944849597,-0.02663964737938769,0.25540972627637964,0.11088628323962499,0.5053185720721185
any_of_three,0.2,navitoclax,LN_IC50,all_heme,lineage_plus_mcl1,120,0.11438503944849598,-0.02663964737938765,0.2554097262763796,0.11088628323962481,0.5053185720721185
expression_only,0.05,navitoclax,LN_IC50,lymphoma_only,lineage_plus_mcl1,29,0.11487527549694301,-0.18546710990985535,0.41521766090374135,0.4388568475513165,0.6448508780345875
any_of_three,0.2,venetoclax,LN_IC50,leukemia_only,none,62,0.11534535647965145,-0.1411683637829046,0.3718590767422075,0.3720009363927832,0.6193791779095026
continuous_score,0.2,venetoclax,LN_IC50,leukemia_only,none,62,0.1153453564796515,-0.14116836378290448,0.3718590767422075,0.3720009363927829,0.6193791779095026
continuous_score,0.1,venetoclax,LN_IC50,all_heme,none,165,0.11716034688835729,-0.036439017103639046,0.2707597108803536,0.13395742630503393,0.5053185720721185
any_of_three,0.1,venetoclax,LN_IC50,all_heme,none,165,0.11716034688835736,-0.036439017103638977,0.27075971088035367,0.13395742630503368,0.5053185720721185
any_of_three,0.1,navitoclax,LN_IC50,all_heme,lineage_plus_mcl1,120,0.11717677287105864,-0.027844591092593976,0.26219813683471127,0.11224342275098294,0.5053185720721185
continuous_score,0.1,navitoclax,LN_IC50,all_heme,lineage_plus_mcl1,120,0.11717677287105879,-0.02784459109259385,0.26219813683471144,0.11224342275098247,0.5053185720721185
continuous_score,0.2,navitoclax,LN_IC50,all_heme,none,171,0.11825076898756216,-0.03253766892306602,0.26903920689819033,0.12346352041276103,0.5053185720721185
any_of_three,0.2,navitoclax,LN_IC50,all_heme,none,171,0.11825076898756218,-0.03253766892306603,0.2690392068981904,0.12346352041276103,0.5053185720721185
expression_only,0.1,navitoclax,LN_IC50,leukemia_only,none,65,0.12226174780489052,-0.12761671041738892,0.37214020602716996,0.3319338771377691,0.5964211460058119
continuous_score,0.1,navitoclax,LN_IC50,leukemia_only,lineage_plus_mcl1,44,0.1246138140746968,-0.16736501128121922,0.4165926394306128,0.393512925398372,0.6240733618652596
any_of_three,0.1,navitoclax,LN_IC50,leukemia_only,lineage_plus_mcl1,44,0.1246138140746969,-0.16736501128121906,0.41659263943061287,0.3935129253983715,0.6240733618652596
mutation_only,0.05,venetoclax,AUC,all_heme,none,165,0.12474205301118552,-0.02871443104660079,0.2781985370689718,0.11039928839301362,0.5053185720721185
any_of_three,0.1,navitoclax,LN_IC50,all_heme,lineage,171,0.1276769870470306,-0.022302308904715934,0.2776562829987771,0.09469533356267155,0.5053185720721185
continuous_score,0.1,navitoclax,LN_IC50,all_heme,lineage,171,0.1276769870470308,-0.022302308904715934,0.27765628299877754,0.0946953335626715,0.5053185720721185
any_of_three,0.05,venetoclax,LN_IC50,leukemia_only,lineage,62,0.13052890225900682,-0.1373703067751576,0.39842811129317124,0.3335666940264266,0.5964211460058119
continuous_score,0.05,venetoclax,LN_IC50,leukemia_only,lineage,62,0.13052890225900696,-0.13737030677515774,0.3984281112931717,0.3335666940264266,0.5964211460058119
any_of_three,0.05,navitoclax,LN_IC50,leukemia_only,lineage_plus_mcl1,44,0.13267393594949423,-0.1637644104670351,0.42911228236602356,0.3711185765353174,0.6193791779095026
continuous_score,0.05,navitoclax,LN_IC50,leukemia_only,lineage_plus_mcl1,44,0.13267393594949445,-0.16376441046703472,0.4291122823660236,0.3711185765353162,0.6193791779095026
mutation_only,0.05,navitoclax,LN_IC50,all_heme,none,171,0.1326752538373887,-0.017836171890647706,0.2831866795654251,0.0836508840414188,0.5053185720721185
expression_only,0.1,navitoclax,AUC,lymphoma_only,none,49,0.13374000200571573,-0.15706635657734885,0.4245463605887803,0.35959497820220954,0.6193791779095026
expression_only,0.1,navitoclax,AUC,lymphoma_only,lineage,49,0.13374000200571573,-0.15706635657734885,0.4245463605887803,0.35959497820220954,0.6193791779095026
expression_only,0.2,navitoclax,AUC,lymphoma_only,none,49,0.13374000200571573,-0.15706635657734885,0.4245463605887803,0.35959497820220954,0.6193791779095026
expression_only,0.2,navitoclax,AUC,lymphoma_only,lineage,49,0.13374000200571573,-0.15706635657734885,0.4245463605887803,0.35959497820220954,0.6193791779095026
any_of_three,0.1,venetoclax,AUC,leukemia_only,lineage,62,0.13424983261172807,-0.13586171285547155,0.4043613780789277,0.3240276662124648,0.5964211460058119
continuous_score,0.1,venetoclax,AUC,leukemia_only,lineage,62,0.13424983261172807,-0.1358617128554716,0.40436137807892775,0.3240276662124648,0.5964211460058119
continuous_score,0.05,navitoclax,LN_IC50,leukemia_only,lineage,65,0.1345588104858833,-0.12571747331410166,0.39483509428586827,0.3054136192024362,0.5912165775540534
any_of_three,0.05,navitoclax,LN_IC50,leukemia_only,lineage,65,0.1345588104858833,-0.12571747331410166,0.39483509428586827,0.3054136192024362,0.5912165775540534
any_of_three,0.05,venetoclax,LN_IC50,leukemia_only,none,62,0.1359083895605964,-0.11993287012059342,0.39174964924178624,0.29222102446736037,0.5910088135294929
continuous_score,0.05,venetoclax,LN_IC50,leukemia_only,none,62,0.13590838956059645,-0.11993287012059353,0.39174964924178646,0.29222102446736037,0.5910088135294929
any_of_three,0.1,venetoclax,AUC,leukemia_only,none,62,0.1395588300585737,-0.11615134131119328,0.39526900142834065,0.2793286770034342,0.5796745130192706
continuous_score,0.1,venetoclax,AUC,leukemia_only,none,62,0.13955883005857378,-0.11615134131119331,0.39526900142834087,0.2793286770034341,0.5796745130192706
expression_only,0.1,navitoclax,LN_IC50,leukemia_only,lineage,65,0.1400278562949514,-0.11396949493231356,0.39402520752221637,0.2747100198500801,0.5796745130192706
continuous_score,0.05,navitoclax,AUC,all_heme,lineage_plus_mcl1,120,0.14047565856956698,-0.01614513010996943,0.2970964472491034,0.07827950814811581,0.5053185720721185
any_of_three,0.05,navitoclax,AUC,all_heme,lineage_plus_mcl1,120,0.14047565856956704,-0.016145130109969402,0.29709644724910345,0.07827950814811578,0.5053185720721185
mutation_only,0.05,navitoclax,LN_IC50,all_heme,lineage_plus_mcl1,120,0.1434106830054402,-0.022774818076342296,0.30959618408722267,0.09008942822429501,0.5053185720721185
continuous_score,0.2,navitoclax,AUC,leukemia_only,lineage,65,0.14423962965245768,-0.1112755803506787,0.39975483965559405,0.26348619271717477,0.5796745130192706
any_of_three,0.2,navitoclax,AUC,leukemia_only,lineage,65,0.14423962965245785,-0.1112755803506787,0.3997548396555944,0.2634861927171746,0.5796745130192706
mutation_only,0.05,venetoclax,LN_IC50,all_heme,lineage,165,0.1458008201114177,-0.007458503189581384,0.2990601434124168,0.06209372023863801,0.5053185720721185
mutation_only,0.05,venetoclax,AUC,all_heme,lineage_plus_mcl1,116,0.14666582154584834,-0.04650070535159401,0.3398323484432907,0.13529348793292983,0.5053185720721185
continuous_score,0.05,venetoclax,AUC,lymphoma_only,lineage,48,0.1499436200179117,-0.14348635329444495,0.4433735933302684,0.3090480276310801,0.5912165775540534
any_of_three,0.05,venetoclax,AUC,lymphoma_only,none,48,0.1499436200179117,-0.14348635329444495,0.4433735933302684,0.3090480276310801,0.5912165775540534
any_of_three,0.05,venetoclax,AUC,lymphoma_only,lineage,48,0.1499436200179117,-0.14348635329444495,0.4433735933302684,0.3090480276310801,0.5912165775540534
continuous_score,0.05,venetoclax,AUC,lymphoma_only,none,48,0.1499436200179117,-0.14348635329444495,0.4433735933302684,0.3090480276310801,0.5912165775540534
mutation_only,0.05,navitoclax,AUC,all_heme,lineage_plus_mcl1,120,0.15033930207732993,-0.021321523964360406,0.32200012811902023,0.08546476587837053,0.5053185720721185
any_of_three,0.1,navitoclax,LN_IC50,all_heme,none,171,0.15044771979778163,0.00032224519043597133,0.3005731944051273,0.049515790404334944,0.5053185720721185
continuous_score,0.1,navitoclax,LN_IC50,all_heme,none,171,0.15044771979778165,0.00032224519043597133,0.3005731944051273,0.049515790404334944,0.5053185720721185
any_of_three,0.1,navitoclax,AUC,leukemia_only,none,65,0.15469698005943322,-0.09403948041162785,0.4034334405304943,0.21853616177177004,0.5659070440639328
continuous_score,0.1,navitoclax,AUC,leukemia_only,none,65,0.15469698005943322,-0.09403948041162785,0.4034334405304943,0.21853616177177004,0.5659070440639328
mutation_only,0.05,venetoclax,LN_IC50,all_heme,none,165,0.15749187329647377,0.004757505989726907,0.3102262406032206,0.04335581182395854,0.5053185720721185
any_of_three,0.05,navitoclax,AUC,leukemia_only,lineage_plus_mcl1,44,0.15758081719640768,-0.15453623412330283,0.46969786851611817,0.313673239757845,0.5912165775540534
continuous_score,0.05,navitoclax,AUC,leukemia_only,lineage_plus_mcl1,44,0.15758081719640787,-0.15453623412330253,0.4696978685161183,0.31367323975784417,0.5912165775540534
continuous_score,0.05,navitoclax,LN_IC50,all_heme,lineage_plus_mcl1,120,0.16008408232276153,0.009313984595456515,0.31085418005006654,0.03762932930932764,0.5053185720721185
any_of_three,0.05,navitoclax,LN_IC50,all_heme,lineage_plus_mcl1,120,0.1600840823227616,0.00931398459545657,0.31085418005006665,0.03762932930932756,0.5053185720721185
mutation_only,0.05,venetoclax,LN_IC50,all_heme,lineage_plus_mcl1,116,0.16224301280082332,-0.027912839033830933,0.35239886463547754,0.0937083496169424,0.5053185720721185
mutation_only,0.05,navitoclax,AUC,leukemia_only,none,65,0.16527353108919926,-0.08303135072384388,0.4135784129022424,0.18827735882059052,0.5629277595168115
expression_only,0.2,navitoclax,LN_IC50,lymphoma_only,lineage_plus_mcl1,29,0.16569559684517104,-0.1385211837920045,0.4699123774823466,0.27313321008612024,0.5796745130192706
expression_only,0.1,navitoclax,LN_IC50,lymphoma_only,lineage_plus_mcl1,29,0.16569559684517104,-0.1385211837920045,0.4699123774823466,0.27313321008612024,0.5796745130192706
mutation_only,0.05,navitoclax,LN_IC50,lymphoma_only,lineage_plus_mcl1,29,0.17303171139219173,-0.27557167958798745,0.6216351023723709,0.4350452080971692,0.6448508780345875
any_of_three,0.2,venetoclax,AUC,lymphoma_only,none,48,0.1844246175366921,-0.10726978906151496,0.47611902413489915,0.2095342215979243,0.5629277595168115
any_of_three,0.2,venetoclax,AUC,lymphoma_only,lineage,48,0.1844246175366921,-0.10726978906151496,0.47611902413489915,0.2095342215979243,0.5629277595168115
continuous_score,0.2,venetoclax,AUC,lymphoma_only,lineage,48,0.1844246175366921,-0.10726978906151496,0.47611902413489915,0.2095342215979243,0.5629277595168115
continuous_score,0.2,venetoclax,AUC,lymphoma_only,none,48,0.1844246175366921,-0.10726978906151496,0.47611902413489915,0.2095342215979243,0.5629277595168115
continuous_score,0.1,venetoclax,AUC,lymphoma_only,none,48,0.1844246175366921,-0.10726978906151496,0.47611902413489915,0.2095342215979243,0.5629277595168115
continuous_score,0.1,venetoclax,AUC,lymphoma_only,lineage,48,0.1844246175366921,-0.10726978906151496,0.47611902413489915,0.2095342215979243,0.5629277595168115
any_of_three,0.1,venetoclax,AUC,lymphoma_only,lineage,48,0.1844246175366921,-0.10726978906151496,0.47611902413489915,0.2095342215979243,0.5629277595168115
any_of_three,0.1,venetoclax,AUC,lymphoma_only,none,48,0.1844246175366921,-0.10726978906151496,0.47611902413489915,0.2095342215979243,0.5629277595168115
continuous_score,0.2,navitoclax,LN_IC50,leukemia_only,none,65,0.18553222935087071,-0.061863876319083966,0.4329283350208254,0.1389626073198326,0.5053185720721185
any_of_three,0.2,navitoclax,LN_IC50,leukemia_only,none,65,0.18553222935087083,-0.06186387631908394,0.4329283350208256,0.13896260731983245,0.5053185720721185
mutation_only,0.05,navitoclax,LN_IC50,leukemia_only,none,65,0.18927312437692562,-0.0579432951250721,0.43648954387892336,0.13103175351747137,0.5053185720721185
any_of_three,0.1,venetoclax,LN_IC50,leukemia_only,none,62,0.19060690379495293,-0.06289602602896815,0.444109833618874,0.13782511467440017,0.5053185720721185
continuous_score,0.1,venetoclax,LN_IC50,leukemia_only,none,62,0.190606903794953,-0.06289602602896827,0.44410983361887424,0.1378251146744003,0.5053185720721185
continuous_score,0.05,venetoclax,LN_IC50,lymphoma_only,none,48,0.1907824465316453,-0.10055156835729842,0.48211646142058906,0.1939761912707836,0.5629277595168115
continuous_score,0.05,venetoclax,LN_IC50,lymphoma_only,lineage,48,0.1907824465316453,-0.10055156835729842,0.48211646142058906,0.1939761912707836,0.5629277595168115
any_of_three,0.05,venetoclax,LN_IC50,lymphoma_only,none,48,0.1907824465316453,-0.10055156835729842,0.48211646142058906,0.1939761912707836,0.5629277595168115
any_of_three,0.05,venetoclax,LN_IC50,lymphoma_only,lineage,48,0.1907824465316453,-0.10055156835729842,0.48211646142058906,0.1939761912707836,0.5629277595168115
any_of_three,0.1,venetoclax,LN_IC50,leukemia_only,lineage,62,0.19110243332714177,-0.07671698695687479,0.45892185361115834,0.15861869826979552,0.5346106189316165
continuous_score,0.1,venetoclax,LN_IC50,leukemia_only,lineage,62,0.19110243332714183,-0.07671698695687479,0.45892185361115845,0.1586186982697954,0.5346106189316165
mutation_only,0.05,navitoclax,AUC,leukemia_only,lineage,65,0.20803756876631233,-0.04558754330020168,0.46166268083282636,0.10613878620509751,0.5053185720721185
any_of_three,0.1,navitoclax,AUC,leukemia_only,lineage,65,0.21185772824466698,-0.04601566816031827,0.4697311246496522,0.1055972426495531,0.5053185720721185
continuous_score,0.1,navitoclax,AUC,leukemia_only,lineage,65,0.21185772824466714,-0.04601566816031838,0.46973112464965266,0.10559724264955311,0.5053185720721185
mutation_only,0.05,venetoclax,AUC,leukemia_only,lineage,62,0.21455550982699784,-0.04733477883104603,0.4764457984850417,0.10646656708304117,0.5053185720721185
continuous_score,0.1,navitoclax,AUC,lymphoma_only,lineage_plus_mcl1,29,0.21476024716095138,-0.16310525039168733,0.5926257447135901,0.2533021574547968,0.5796745130192706
continuous_score,0.2,navitoclax,AUC,lymphoma_only,lineage_plus_mcl1,29,0.21476024716095138,-0.16310525039168733,0.5926257447135901,0.2533021574547968,0.5796745130192706
any_of_three,0.1,navitoclax,AUC,lymphoma_only,lineage_plus_mcl1,29,0.21476024716095155,-0.16310525039168694,0.5926257447135901,0.253302157454796,0.5796745130192706
any_of_three,0.2,navitoclax,AUC,lymphoma_only,lineage_plus_mcl1,29,0.21476024716095155,-0.16310525039168694,0.5926257447135901,0.253302157454796,0.5796745130192706
continuous_score,0.2,navitoclax,LN_IC50,leukemia_only,lineage,65,0.21492066473491966,-0.038715116069648225,0.46855644553948755,0.09531293282876352,0.5053185720721185
any_of_three,0.2,navitoclax,LN_IC50,leukemia_only,lineage,65,0.21492066473491983,-0.038715116069648225,0.4685564455394879,0.09531293282876345,0.5053185720721185
mutation_only,0.05,venetoclax,LN_IC50,lymphoma_only,lineage_plus_mcl1,28,0.21536026672945185,-0.22162475670634446,0.6523452901652482,0.31982575238221916,0.5964211460058119
mutation_only,0.05,venetoclax,AUC,leukemia_only,none,62,0.21613283738500222,-0.03600079483898577,0.4682664696089902,0.0915641312992984,0.5053185720721185
any_of_three,0.05,navitoclax,AUC,lymphoma_only,lineage_plus_mcl1,29,0.21960345025317005,-0.1825191402203479,0.621726040726688,0.2718897531704057,0.5796745130192706
continuous_score,0.05,navitoclax,AUC,lymphoma_only,lineage_plus_mcl1,29,0.21960345025317027,-0.1825191402203479,0.6217260407266885,0.2718897531704055,0.5796745130192706
any_of_three,0.05,navitoclax,AUC,lymphoma_only,lineage,49,0.2207747982116607,-0.0654269654813118,0.5069765619046332,0.12740700255588605,0.5053185720721185
any_of_three,0.05,navitoclax,AUC,lymphoma_only,none,49,0.2207747982116607,-0.0654269654813118,0.5069765619046332,0.12740700255588605,0.5053185720721185
continuous_score,0.05,navitoclax,AUC,lymphoma_only,lineage,49,0.22077479821166074,-0.06542696548131194,0.5069765619046334,0.1274070025558861,0.5053185720721185
continuous_score,0.05,navitoclax,AUC,lymphoma_only,none,49,0.22077479821166074,-0.06542696548131194,0.5069765619046334,0.1274070025558861,0.5053185720721185
mutation_only,0.05,navitoclax,LN_IC50,leukemia_only,lineage,65,0.2217969213059126,-0.032424791133260245,0.47601863374508546,0.08611321197459318,0.5053185720721185
expression_only,0.1,navitoclax,LN_IC50,lymphoma_only,none,49,0.22479860155537174,-0.06113332324319226,0.5107305263539357,0.12044267731487797,0.5053185720721185
expression_only,0.1,navitoclax,LN_IC50,lymphoma_only,lineage,49,0.22479860155537174,-0.06113332324319226,0.5107305263539357,0.12044267731487797,0.5053185720721185
expression_only,0.2,navitoclax,LN_IC50,lymphoma_only,lineage,49,0.22479860155537174,-0.06113332324319226,0.5107305263539357,0.12044267731487797,0.5053185720721185
expression_only,0.2,navitoclax,LN_IC50,lymphoma_only,none,49,0.22479860155537174,-0.06113332324319226,0.5107305263539357,0.12044267731487797,0.5053185720721185
any_of_three,0.05,navitoclax,LN_IC50,lymphoma_only,lineage_plus_mcl1,29,0.22579169948617714,-0.1610652202926858,0.6126486192650401,0.24106534177412703,0.5796745130192706
continuous_score,0.05,navitoclax,LN_IC50,lymphoma_only,lineage_plus_mcl1,29,0.22579169948617736,-0.1610652202926858,0.6126486192650406,0.2410653417741269,0.5796745130192706
continuous_score,0.1,navitoclax,LN_IC50,leukemia_only,none,65,0.23007979085167224,-0.014932982458049499,0.475092564161394,0.06521354543911517,0.5053185720721185
any_of_three,0.1,navitoclax,LN_IC50,leukemia_only,none,65,0.23007979085167224,-0.014932982458049499,0.475092564161394,0.06521354543911517,0.5053185720721185
continuous_score,0.1,venetoclax,LN_IC50,lymphoma_only,none,48,0.23566642382564268,-0.0527595890548998,0.5240924367061852,0.1068511090252789,0.5053185720721185
continuous_score,0.2,venetoclax,LN_IC50,lymphoma_only,none,48,0.23566642382564268,-0.0527595890548998,0.5240924367061852,0.1068511090252789,0.5053185720721185
continuous_score,0.2,venetoclax,LN_IC50,lymphoma_only,lineage,48,0.23566642382564268,-0.0527595890548998,0.5240924367061852,0.1068511090252789,0.5053185720721185
continuous_score,0.1,venetoclax,LN_IC50,lymphoma_only,lineage,48,0.23566642382564268,-0.0527595890548998,0.5240924367061852,0.1068511090252789,0.5053185720721185
any_of_three,0.1,venetoclax,LN_IC50,lymphoma_only,none,48,0.23566642382564273,-0.05275958905489975,0.5240924367061852,0.10685110902527882,0.5053185720721185
any_of_three,0.1,venetoclax,LN_IC50,lymphoma_only,lineage,48,0.23566642382564273,-0.05275958905489975,0.5240924367061852,0.10685110902527882,0.5053185720721185
any_of_three,0.2,venetoclax,LN_IC50,lymphoma_only,lineage,48,0.23566642382564273,-0.05275958905489975,0.5240924367061852,0.10685110902527882,0.5053185720721185
any_of_three,0.2,venetoclax,LN_IC50,lymphoma_only,none,48,0.23566642382564273,-0.05275958905489975,0.5240924367061852,0.10685110902527882,0.5053185720721185
mutation_only,0.05,navitoclax,LN_IC50,leukemia_only,lineage_plus_mcl1,44,0.24439806490617155,-0.06331564248945465,0.5521117723017978,0.11631361317169074,0.5053185720721185
mutation_only,0.05,venetoclax,AUC,lymphoma_only,lineage_plus_mcl1,28,0.24642309324038172,-0.20032913744108918,0.6931753239218527,0.2667230069005893,0.5796745130192706
mutation_only,0.05,venetoclax,LN_IC50,leukemia_only,none,62,0.2469187864001443,-0.0033225368437353464,0.49716010964402396,0.05302142365420256,0.5053185720721185
mutation_only,0.05,venetoclax,LN_IC50,leukemia_only,lineage,62,0.24786561676091956,-0.012062709948192196,0.5077939434700314,0.061243602278640945,0.5053185720721185
mutation_only,0.05,venetoclax,AUC,lymphoma_only,lineage,48,0.24886144760667545,-0.03858668422443762,0.5363095794377886,0.08807058690068727,0.5053185720721185
mutation_only,0.05,venetoclax,AUC,lymphoma_only,none,48,0.24886144760667545,-0.03858668422443762,0.5363095794377886,0.08807058690068727,0.5053185720721185
continuous_score,0.1,navitoclax,LN_IC50,lymphoma_only,lineage_plus_mcl1,29,0.25135915222579097,-0.10882296905455402,0.611541273506136,0.1633532446735495,0.5346106189316165
continuous_score,0.2,navitoclax,LN_IC50,lymphoma_only,lineage_plus_mcl1,29,0.25135915222579097,-0.10882296905455402,0.611541273506136,0.1633532446735495,0.5346106189316165
any_of_three,0.2,navitoclax,LN_IC50,lymphoma_only,lineage_plus_mcl1,29,0.2513591522257912,-0.10882296905455352,0.6115412735061359,0.16335324467354875,0.5346106189316165
any_of_three,0.1,navitoclax,LN_IC50,lymphoma_only,lineage_plus_mcl1,29,0.2513591522257912,-0.10882296905455352,0.6115412735061359,0.16335324467354875,0.5346106189316165
mutation_only,0.05,navitoclax,AUC,lymphoma_only,lineage,49,0.2531108486721947,-0.030776379019421984,0.5369980763638114,0.07930460933532532,0.5053185720721185
mutation_only,0.05,navitoclax,AUC,lymphoma_only,none,49,0.2531108486721947,-0.030776379019421984,0.5369980763638114,0.07930460933532532,0.5053185720721185
mutation_only,0.05,navitoclax,AUC,lymphoma_only,lineage_plus_mcl1,29,0.26678883992881314,-0.1911158214751807,0.724693501332807,0.24187254633907818,0.5796745130192706
mutation_only,0.05,venetoclax,AUC,leukemia_only,lineage_plus_mcl1,41,0.2721743767772915,-0.08400162646319026,0.6283503800177732,0.13005503398279913,0.5053185720721185
mutation_only,0.05,venetoclax,LN_IC50,leukemia_only,lineage_plus_mcl1,41,0.27386884335405864,-0.07190357021116667,0.619641256919284,0.11703089280980297,0.5053185720721185
any_of_three,0.1,navitoclax,LN_IC50,leukemia_only,lineage,65,0.2794136185368369,0.02433114279850873,0.5344960942751651,0.03232208258597705,0.5053185720721185
continuous_score,0.1,navitoclax,LN_IC50,leukemia_only,lineage,65,0.27941361853683716,0.024331142798508787,0.5344960942751655,0.03232208258597705,0.5053185720721185
any_of_three,0.05,navitoclax,LN_IC50,lymphoma_only,lineage,49,0.2796176241454277,-0.002119890579242556,0.5613551388700979,0.051678545502758425,0.5053185720721185
continuous_score,0.05,navitoclax,LN_IC50,lymphoma_only,none,49,0.2796176241454277,-0.002119890579242667,0.561355138870098,0.0516785455027585,0.5053185720721185
continuous_score,0.05,navitoclax,LN_IC50,lymphoma_only,lineage,49,0.2796176241454277,-0.002119890579242667,0.561355138870098,0.0516785455027585,0.5053185720721185
any_of_three,0.05,navitoclax,LN_IC50,lymphoma_only,none,49,0.2796176241454277,-0.002119890579242556,0.5613551388700979,0.051678545502758425,0.5053185720721185
mutation_only,0.05,venetoclax,LN_IC50,lymphoma_only,none,48,0.2878536917101444,0.003630042124941002,0.5720773412953478,0.047261183161320004,0.5053185720721185
mutation_only,0.05,venetoclax,LN_IC50,lymphoma_only,lineage,48,0.2878536917101444,0.003630042124941002,0.5720773412953478,0.047261183161320004,0.5053185720721185
mutation_only,0.05,navitoclax,LN_IC50,lymphoma_only,lineage,49,0.28993856756705527,0.009100801890259747,0.5707763332438508,0.04329914134702681,0.5053185720721185
mutation_only,0.05,navitoclax,LN_IC50,lymphoma_only,none,49,0.28993856756705527,0.009100801890259747,0.5707763332438508,0.04329914134702681,0.5053185720721185
continuous_score,0.2,navitoclax,AUC,lymphoma_only,none,49,0.2940421526281076,0.013572013491811363,0.5745122917644039,0.04029235474734575,0.5053185720721185
any_of_three,0.1,navitoclax,AUC,lymphoma_only,none,49,0.2940421526281076,0.013572013491811363,0.5745122917644039,0.04029235474734575,0.5053185720721185
any_of_three,0.1,navitoclax,AUC,lymphoma_only,lineage,49,0.2940421526281076,0.013572013491811363,0.5745122917644039,0.04029235474734575,0.5053185720721185
any_of_three,0.2,navitoclax,AUC,lymphoma_only,lineage,49,0.2940421526281076,0.013572013491811363,0.5745122917644039,0.04029235474734575,0.5053185720721185
continuous_score,0.2,navitoclax,AUC,lymphoma_only,lineage,49,0.2940421526281076,0.013572013491811363,0.5745122917644039,0.04029235474734575,0.5053185720721185
continuous_score,0.1,navitoclax,AUC,lymphoma_only,none,49,0.2940421526281076,0.013572013491811363,0.5745122917644039,0.04029235474734575,0.5053185720721185
continuous_score,0.1,navitoclax,AUC,lymphoma_only,lineage,49,0.2940421526281076,0.013572013491811363,0.5745122917644039,0.04029235474734575,0.5053185720721185
any_of_three,0.2,navitoclax,AUC,lymphoma_only,none,49,0.2940421526281076,0.013572013491811363,0.5745122917644039,0.04029235474734575,0.5053185720721185
mutation_only,0.05,navitoclax,AUC,leukemia_only,lineage_plus_mcl1,44,0.30507787678031456,-0.01560349312036996,0.6257592466809991,0.0616539577716925,0.5053185720721185
any_of_three,0.1,navitoclax,LN_IC50,lymphoma_only,none,49,0.38326749543901895,0.11223301888136261,0.6543019719966753,0.0065623964630319226,0.2953078408364365
any_of_three,0.1,navitoclax,LN_IC50,lymphoma_only,lineage,49,0.38326749543901895,0.11223301888136261,0.6543019719966753,0.0065623964630319226,0.2953078408364365
continuous_score,0.2,navitoclax,LN_IC50,lymphoma_only,none,49,0.38326749543901895,0.11223301888136261,0.6543019719966753,0.0065623964630319226,0.2953078408364365
continuous_score,0.2,navitoclax,LN_IC50,lymphoma_only,lineage,49,0.38326749543901895,0.11223301888136261,0.6543019719966753,0.0065623964630319226,0.2953078408364365
any_of_three,0.2,navitoclax,LN_IC50,lymphoma_only,none,49,0.38326749543901895,0.11223301888136261,0.6543019719966753,0.0065623964630319226,0.2953078408364365
any_of_three,0.2,navitoclax,LN_IC50,lymphoma_only,lineage,49,0.38326749543901895,0.11223301888136261,0.6543019719966753,0.0065623964630319226,0.2953078408364365
continuous_score,0.1,navitoclax,LN_IC50,lymphoma_only,none,49,0.38326749543901895,0.11223301888136261,0.6543019719966753,0.0065623964630319226,0.2953078408364365
continuous_score,0.1,navitoclax,LN_IC50,lymphoma_only,lineage,49,0.38326749543901895,0.11223301888136261,0.6543019719966753,0.0065623964630319226,0.2953078408364365
