rnaseq_sample,guardian_dependence,executioner_deficiency,susceptibility_score,executioner_loss_call,executioner_loss_score
BA2392R,0.3953323903818953,0.8288543140028288,0.5724272506031525,False,0.0
BA2611R,0.42503536067892506,0.8104667609618105,0.5869216575180057,False,0.0
BA2506R,0.4045261669024045,0.7369165487977369,0.5459872038904366,False,0.0
BA2430R,0.42503536067892506,0.7835926449787836,0.5771088133826325,False,0.0
BA2448R,0.42503536067892506,0.7765205091937766,0.5744986289798778,False,0.0
BA2730R,0.41725601131541723,0.6265912305516266,0.5113207971373653,False,0.0
BA2845R,0.4045261669024045,0.9321074964639321,0.6140536399090482,False,0.0
BA2326R,0.41089108910891087,0.8868458274398868,0.6036530857276126,False,0.0
BA2341R,0.41371994342291374,0.8854314002828855,0.6052442720339505,False,0.0
BA2612R,0.3896746817538897,0.9151343705799151,0.597163875847974,False,0.0
BA2973R,0.3953323903818953,0.8925035360678925,0.5939996265470325,False,0.0
BA2390R,0.4045261669024045,0.8543140028288543,0.5878710478458744,False,0.0
BA3218R,0.3953323903818953,0.867043847241867,0.5854660679288273,False,0.0
BA3105R,0.3741159830268741,0.8826025459688827,0.5746265910199165,False,0.0
BA3402R,0.37906647807637905,0.8500707213578501,0.5676559824937699,False,0.0
BA3276R,0.37906647807637905,0.9094766619519095,0.5871559546992365,False,0.0
BA2409R,0.18104667609618105,0.4992927864214993,0.3006581104517437,False,0.0
BA3037R,0.49434229137199437,0.6096181046676097,0.5489626678775511,False,0.0
BA2496R,0.5643564356435643,0.620933521923621,0.5919694495532855,False,0.0
BA2172R,0.02545968882602546,0.2758132956152758,0.0837980947304024,False,0.0
BA2865R,0.13578500707213578,0.34229137199434234,0.2155876535587853,False,0.0
BA2923R,0.3868458274398868,0.021216407355021172,0.09059513595417176,False,0.0
BA2751R,0.055162659123055166,0.562942008486563,0.17621968709594368,False,0.0
BA2480R,0.5926449787835927,0.4823196605374823,0.5346441105877309,False,0.0
BA2286R,0.12942008486562942,0.528995756718529,0.2616537324940538,False,0.0
BA2922R,0.5240452616690241,0.4356435643564357,0.47780429642019195,False,0.0
BA2452R,0.15770862800565771,0.01555869872701554,0.049535250375777794,False,0.0
BA3379R,0.0891089108910891,0.31541725601131543,0.1676498975825042,False,0.0
BA2887R,0.1456859971711457,0.32814710042432815,0.21864683291586534,False,0.0
BA2712R,0.6188118811881188,0.28995756718529,0.42359082569699225,False,0.0
BA2068R,0.8734087694483734,0.07637906647807635,0.25828307428910663,False,0.0
BA2236R,0.942008486562942,0.8953323903818953,0.9183739489088475,False,0.0
BA2104R,0.6803394625176803,0.14851485148514854,0.3178687059704039,False,0.0
BA3124R,0.5367751060820368,0.9066478076379066,0.6976144874670275,False,0.0
BA3395R,0.1485148514851485,0.8642149929278642,0.3582579536115289,False,0.0
BA2921R,0.888967468175389,0.26308345120226306,0.48360379396166786,False,0.0
BA2449R,0.46746817538896746,0.5813295615275813,0.5212994047828627,False,0.0
BA2003R,0.9886845827439887,0.21923620933521926,0.4655700378557076,False,0.0
BA2360R,0.011315417256011316,0.008486562942008447,0.009799438798126581,False,0.0
BA2802R,0.8635077793493635,0.49504950495049505,0.6538188577028072,False,0.0
BA2235R,0.2065063649222065,0.29420084865629426,0.24648397070203074,False,0.0
BA2858R,0.7312588401697313,0.9391796322489392,0.8287239640491845,False,0.0
BA3038R,0.384016973125884,0.3578500707213579,0.37070271241427327,False,0.0
BA3006R,0.5643564356435643,0.016973125884017004,0.0978718183423265,False,0.0
BA2245R,0.35007072135785006,0.306930693069307,0.32779177709277146,False,0.0
BA2667R,0.21357850070721357,0.6322489391796322,0.36747078864001165,False,0.0
BA2239R,0.6188118811881188,0.2178217821782178,0.36713853896513177,False,0.0
BA2782R,0.7984441301272984,0.41301272984441306,0.5742539419212752,False,0.0
BA2649R,0.2376237623762376,0.7581329561527581,0.42444128618978333,False,0.0
BA2488R,0.06223479490806223,0.8557284299858557,0.23077279592094,False,0.0
BA2861R,0.10537482319660538,0.38330975954738333,0.20097561578917686,False,0.0
BA2909R,0.8274398868458275,0.5205091937765205,0.6562698137204369,False,0.0
BA2429R,0.2347949080622348,0.7751060820367751,0.4266039864678993,False,0.0
BA2653R,0.6067892503536068,0.9462517680339463,0.7577436248303863,False,0.0
BA2134R,0.5367751060820368,0.8415841584158416,0.6721171221674278,False,0.0
BA2947R,0.9745403111739745,0.5445544554455446,0.7284849129948233,False,0.0
BA2032R,0.49434229137199437,0.40311173974540315,0.4464024877895436,False,0.0
BA2162R,0.2765205091937765,0.7991513437057991,0.47008694566475495,False,0.0
BA2564R,0.5565770862800565,0.5417256011315417,0.5491011351664696,False,0.0
BA2597R,0.6704384724186704,0.7878359264497878,0.7267706068943238,False,0.0
BA3243R,0.958981612446959,0.7864214992927865,0.8684260230179376,False,0.0
BA2106R,0.8048090523338048,0.022630834512022635,0.13495740245404883,False,0.0
BA2427R,0.8826025459688827,0.08062234794908063,0.2667536120877235,False,0.0
BA2841R,0.25742574257425743,0.1669024045261669,0.20727994457394477,False,0.0
BA2446R,0.21145685997171146,0.23903818953323908,0.22482496518852518,False,0.0
BA2645R,0.6251768033946252,0.09193776520509189,0.23974436002159663,False,0.0
BA2525R,0.4893917963224894,0.09052333804809054,0.21047892772546847,False,0.0
BA2876R,0.7107496463932107,0.4186704384724187,0.545499648120475,False,0.0
BA2357R,0.5127298444130127,0.6492220650636492,0.576953662272439,False,0.0
BA2546R,0.28005657708628007,0.9434229137199435,0.5140153616003827,False,0.0
BA2742R,0.384016973125884,0.2248939179632249,0.29387596303654795,False,0.0
BA2316R,0.5509193776520509,0.1428571428571429,0.2805401365865628,False,0.0
BA2421R,0.9483734087694484,0.34512022630834516,0.5721038764589248,False,0.0
BA2087R,0.09193776520509193,0.30834512022630833,0.16837030992874658,False,0.0
BA2910R,0.2065063649222065,0.31824611032531824,0.25635882546523137,False,0.0
BA2148R,0.9052333804809052,0.4752475247524752,0.6559038979887722,False,0.0
BA2063R,0.5190947666195191,0.7001414427157002,0.602859651002752,False,0.0
BA2329R,0.2446958981612447,0.8231966053748232,0.44881269223973613,False,0.0
BA3178R,0.6895332390381895,0.22913719943422917,0.3974892643959377,False,0.0
BA2072R,0.4207920792079208,0.43281471004243277,0.42676105931835984,False,0.0
BA3029R,0.8246110325318247,0.17538896746817534,0.38029945774168894,False,0.0
BA2733R,0.6626591230551626,0.15558698727015563,0.321093656965123,False,0.0
BA2995R,0.7312588401697313,0.19943422913719944,0.3818874743808873,False,0.0
BA2069R,0.2446958981612447,0.09335219236209336,0.15113867326188793,False,0.0
BA2100R,0.9052333804809052,0.25318246110325315,0.4787371044142841,False,0.0
BA2681R,0.7312588401697313,0.504950495049505,0.6076590436692543,False,0.0
BA2248R,0.599009900990099,0.38896746817538896,0.48269593389639115,False,0.0
BA2832R,0.4306930693069307,0.8684582743988685,0.6115872462419808,False,0.0
BA2308R,0.6895332390381895,0.28429985855728435,0.44275749833187855,False,0.0
BA2413R,0.64002828854314,0.5374823196605375,0.5865184474290052,False,0.0
BA2701R,0.8323903818953324,0.29702970297029707,0.4972370339080776,False,0.0
BA2634R,0.888967468175389,0.19236209335219234,0.41352586751038467,False,0.0
BA2677R,0.8323903818953324,0.6704384724186705,0.7470385104490266,False,0.0
BA2937R,0.6251768033946252,0.8401697312588402,0.7247445252620561,False,0.0
BA2600R,0.7892503536067893,0.3239038189533239,0.505609734522092,False,0.0
BA2019R,0.042432814710042434,0.9985855728429985,0.20584653648912468,True,0.5
BA2412R,0.33734087694483733,0.553041018387553,0.4319297884255299,False,0.0
BA2334R,0.5466760961810466,0.6195190947666196,0.5819590021957144,False,0.0
BA2050R,0.9186704384724187,0.4794908062234795,0.6636972421193398,False,0.0
BA3230R,0.3741159830268741,0.4087694483734088,0.3910590543761529,False,0.0
BA2953R,0.9702970297029703,0.14427157001414426,0.3741473985681422,False,0.0
BA2481R,0.8946251768033946,0.9349363507779349,0.9145586903608923,False,0.0
BA2731R,0.8734087694483734,0.007072135785007094,0.07859303667218141,False,0.0
BA2294R,0.8734087694483734,0.16124469589816126,0.3752766065510748,False,0.0
BA2418R,0.6895332390381895,0.31400282885431396,0.4653121400168594,False,0.0
BA2816R,0.9702970297029703,0.16831683168316836,0.4041253788506644,False,0.0
BA2656R,0.7758132956152758,0.24045261669024043,0.4319101029077372,False,0.0
BA2814R,0.3175388967468175,0.03960396039603964,0.11214186502356326,False,0.0
BA2631R,0.06082036775106082,0.7326732673267327,0.21109584922537716,False,0.0
BA2023R,0.6683168316831684,0.28712871287128716,0.43805587733918694,False,0.0
BA2375R,0.44554455445544555,0.6845827439886846,0.5522790179414069,False,0.0
BA2485R,0.7157001414427157,0.11456859971711453,0.28635076920174796,False,0.0
BA2455R,0.7312588401697313,0.018387553041018356,0.11595715031999751,False,0.0
BA2025R,0.03818953323903819,0.10749646393210754,0.06407214513666833,False,0.0
BA2636R,0.3175388967468175,0.8444130127298444,0.5178165471099694,False,0.0
BA2325R,0.8111739745403111,0.13861386138613863,0.3353206776609129,False,0.0
BA2169R,0.582036775106082,0.21357850070721363,0.35257700121196034,False,0.0
BA2156R,0.002828854314002829,0.173974540311174,0.02218442311366071,False,0.0
BA2511R,0.8734087694483734,0.5190947666195191,0.6733364102291252,False,0.0
BA2939R,0.5869872701555869,0.18104667609618108,0.325994009411891,False,0.0
BA2168R,0.8111739745403111,0.3168316831683168,0.5069572128848154,False,0.0
BA2505R,0.6188118811881188,0.1697312588401697,0.32408597559800845,False,0.0
BA2860R,0.7206506364922206,0.46393210749646396,0.5782153306135216,False,0.0
BA2707R,0.599009900990099,0.07355021216407354,0.20989832135155934,False,0.0
BA2871R,0.6485148514851485,0.8147100424328148,0.7268779554861847,False,0.0
BA2655R,0.7206506364922206,0.8458274398868458,0.7807343228762528,False,0.0
BA2227R,0.5367751060820368,0.5304101838755304,0.5335831544537182,False,0.0
BA2125R,0.2065063649222065,0.9702970297029703,0.44762988338444815,False,0.0
BA2523R,0.958981612446959,0.06082036775106081,0.24150696539754155,False,0.0
BA2603R,0.2065063649222065,0.4427157001414427,0.3023633739893093,False,0.0
BA2808R,0.41725601131541723,0.7157001414427158,0.5464706637288662,False,0.0
BA2282R,0.9186704384724187,0.30410183875530405,0.5285540365465048,False,0.0
BA2482R,0.5304101838755304,0.6676096181046676,0.5950688534077122,False,0.0
BA2812R,0.57001414427157,0.22347949080622342,0.35691241322508754,False,0.0
BA2822R,0.014144271570014143,0.6605374823196606,0.09665827192797673,False,0.0
BA2594R,0.7567185289957568,0.8387553041018387,0.7966816678619711,False,0.0
BA2747R,0.599009900990099,0.5219236209335218,0.5591398899200296,False,0.0
BA2561R,0.8246110325318247,0.2376237623762376,0.44265920982982637,False,0.0
BA2567R,1.0,0.12871287128712872,0.358765761029573,False,0.0
BA2906R,0.29773691654879775,0.272984441301273,0.28509217074279203,False,0.0
BA2956R,0.9886845827439887,0.11173974540311171,0.3323783439994174,False,0.0
BA2474R,0.7496463932107497,0.7128712871287128,0.731027625483158,False,0.0
BA2737R,0.8946251768033946,0.48090523338048086,0.6559191485531509,False,0.0
BA2110R,0.9391796322489392,0.2857142857142857,0.5180125845820844,False,0.0
BA2992R,0.9702970297029703,0.07920792079207917,0.27722772277227714,False,0.0
BA2220R,0.1768033946251768,0.917963224893918,0.4028635182072451,False,0.0
BA2772R,0.2524752475247525,0.06506364922206509,0.12816770631561036,False,0.0
BA2935R,0.6138613861386139,0.5615275813295615,0.5871116584007064,False,0.0
BA2260R,0.9052333804809052,0.07779349363507782,0.2653700571328673,False,0.0
BA2676R,0.5869872701555869,0.9080622347949081,0.7300828530609692,False,0.0
BA2948R,0.7920792079207921,0.6067892503536068,0.6932713385067466,False,0.0
BA2524R,0.9321074964639321,0.07072135785007072,0.2567487250448564,False,0.0
BA2811R,0.07637906647807638,0.47100424328147106,0.18967040994591522,False,0.0
BA2540R,0.6895332390381895,0.5558698727015559,0.6191048003429225,False,0.0
BA2928R,0.19165487977369167,0.11598302687411599,0.1490929678802711,False,0.0
BA2302R,0.5014144271570015,0.10608203677510608,0.23063187919547848,False,0.0
BA2595R,0.5509193776520509,0.5134370579915135,0.5318481216025723,False,0.0
BA2792R,0.5240452616690241,0.6591230551626591,0.5877161848331236,False,0.0
BA2651R,0.26308345120226306,0.49787835926449786,0.36191650561175615,False,0.0
BA2619R,0.2842998585572843,0.9519094766619519,0.5202189246599276,False,0.0
BA3013R,0.4533239038189533,0.5671852899575671,0.5070686835451873,False,0.0
BA2405R,0.3613861386138614,0.2687411598302687,0.3116397439956453,False,0.0
BA2735R,0.3069306930693069,0.3097595473833098,0.30834187611025865,False,0.0
BA2856R,0.7821782178217822,0.57001414427157,0.6677219836874811,False,0.0
BA2377R,0.4625176803394625,0.15700141442715698,0.2694734309924881,False,0.0
BA2499R,0.10537482319660538,0.6251768033946252,0.25666689526373976,False,0.0
BA2463R,0.5445544554455446,0.5021216407355021,0.5229078089282515,False,0.0
BA3023R,0.7001414427157001,0.190947666195191,0.36563694355616877,False,0.0
BA2095R,0.08345120226308345,0.7454031117397454,0.24940887282798357,False,0.0
BA2901R,0.8111739745403111,0.27722772277227725,0.4742150500921999,False,0.0
BA2275R,0.22418670438472418,0.8585572842998586,0.43872215363790784,False,0.0
BA2387R,0.43564356435643564,0.3974540311173974,0.41611091163753045,False,0.0
BA2962R,0.3592644978783593,0.0509193776520509,0.13525355686429327,False,0.0
BA2195R,0.4582743988684583,0.43705799151343705,0.4475404879242504,False,0.0
BA2688R,0.5785007072135785,0.669024045261669,0.6221180622090671,False,0.0
BA2787R,0.8557284299858557,0.5643564356435644,0.6949358579219244,False,0.0
BA2420R,0.11032531824611033,0.8939179632248939,0.3140410542886092,False,0.0
BA2756R,0.2927864214992928,0.06930693069306926,0.14245044128651638,False,0.0
BA2122R,0.9186704384724187,0.6775106082036775,0.7889290002960897,False,0.0
BA2053R,0.7432814710042432,0.1188118811881188,0.29717111202518715,False,0.0
BA2080R,0.28854314002828857,0.3776520509193777,0.33010439047428675,False,0.0
BA2081R,0.49434229137199437,0.5926449787835926,0.5412665487373002,False,0.0
BA2354R,0.4780763790664781,0.9024045261669024,0.6568243968695694,False,0.0
BA3273R,0.8161244695898161,0.4667609618104668,0.617199353841852,False,0.0
BA2893R,0.9186704384724187,0.1598302687411598,0.38318578139801296,False,0.0
BA2044R,0.22701555869872703,0.20367751060820372,0.21503014640995635,False,0.0
BA2489R,0.44554455445544555,0.2206506364922206,0.3135437601455926,False,0.0
BA2309R,0.7892503536067893,0.9490806223479491,0.8654838050417064,False,0.0
BA2720R,0.867043847241867,0.8995756718528995,0.8831599806425364,False,0.0
BA2908R,0.018387553041018388,0.7722772277227723,0.11916496333706107,False,0.0
BA2054R,0.8323903818953324,0.545968882602546,0.6741359259767284,False,0.0
BA2872R,0.19872701555869873,0.9123055162659123,0.4257930865165176,False,0.0
BA2526R,0.7758132956152758,0.1937765205091938,0.3877298041021592,False,0.0
BA2041R,0.9186704384724187,0.5502121640735502,0.7109596683513818,False,0.0
BA2464R,0.08628005657708628,0.7949080622347949,0.2618868316338187,False,0.0
BA2902R,0.9321074964639321,0.4144271570014144,0.6215228553957234,False,0.0
BA2541R,0.039603960396039604,0.6760961810466761,0.1636340012897264,False,0.0
BA2143R,0.7715700141442716,0.8783592644978784,0.8232348815085401,False,0.0
BA2094R,0.3132956152758133,0.052333804809052364,0.1280466773382909,False,0.0
BA2769R,0.5756718528995757,0.4766619519094767,0.5238328636716647,False,0.0
BA2843R,0.3953323903818953,0.4724186704384724,0.43216015809590563,False,0.0
BA2592R,0.8394625176803394,0.41725601131541723,0.5918367864336386,False,0.0
BA2497R,0.25742574257425743,0.03536067892503536,0.09540832788707243,False,0.0
BA2718R,0.005657708628005658,0.12022630834512027,0.026080748111153858,False,0.0
BA2575R,0.6732673267326733,0.19660537482319662,0.36382409915849284,False,0.0
BA2096R,0.8946251768033946,0.5714285714285714,0.714992578104694,False,0.0
BA2593R,0.1471004243281471,0.9575671852899575,0.37531125653097885,False,0.0
BA2791R,0.5304101838755304,0.900990099009901,0.6912990120677693,False,0.0
BA2620R,0.7892503536067893,0.4257425742574258,0.5796701452361835,False,0.0
BA2629R,0.22701555869872703,0.9363507779349364,0.4610490158224907,False,0.0
BA2870R,0.5190947666195191,0.611032531824611,0.5631907221398719,False,0.0
BA2423R,0.7001414427157001,0.32531824611032534,0.4772512820029134,False,0.0
BA2682R,0.7821782178217822,0.22206506364922207,0.41676666820371944,False,0.0
BA2276R,0.19872701555869873,0.5785007072135785,0.33906300158399916,False,0.0
BA2348R,0.9052333804809052,0.4865629420084866,0.6636663444917762,False,0.0
BA2709R,0.9809052333804809,0.3394625176803394,0.5770446777582815,False,0.0
BA2789R,0.35007072135785006,0.13437057991513435,0.21688523656570938,False,0.0
BA2694R,0.6251768033946252,0.18811881188118806,0.34293952450873316,False,0.0
BA2538R,0.5643564356435643,0.1768033946251768,0.31587993541905646,False,0.0
BA2583R,0.44554455445544555,0.5176803394625177,0.4802599881274425,False,0.0
BA2415R,0.18387553041018387,0.7213578500707214,0.36419782714522586,False,0.0
BA2722R,0.05374823196605375,0.8628005657708628,0.2153462443357087,False,0.0
BA2806R,0.23196605374823195,0.0339462517680339,0.08873769245464277,False,0.0
BA2221R,0.7984441301272984,0.6577086280056577,0.7246679193707944,False,0.0
BA3025R,0.007072135785007072,0.45403111739745405,0.05666541902124506,False,0.0
BA2514R,0.9929278642149929,0.6166902404526167,0.7825144876197802,False,0.0
BA2520R,0.3422913719943423,0.36633663366336633,0.354109967310188,False,0.0
BA2441R,0.057284299858557285,0.8302687411598303,0.21808567933678405,False,0.0
BA2153R,0.26308345120226306,0.04526166902404527,0.10912193223188633,False,0.0
BA2479R,0.7050919377652051,0.1357850070721358,0.3094202865940666,False,0.0
BA2281R,0.26874115983026875,0.7595473833097596,0.45179823454359636,False,0.0
BA2657R,0.5643564356435643,0.7199434229137199,0.6374203511189568,False,0.0
BA2932R,0.14002828854314003,0.14710042432814707,0.1435208021948042,False,0.0
BA2123R,0.32248939179632247,0.44413012729844414,0.37845376815523785,False,0.0
BA2844R,0.6732673267326733,0.038189533239038176,0.1603488851006324,False,0.0
BA2660R,0.051626591230551626,0.4582743988684582,0.15381529527913881,False,0.0
BA2836R,0.9915134370579916,0.036775106082036824,0.1909529047424327,False,0.0
BA3027R,0.8826025459688827,0.5586987270155587,0.702217145115032,False,0.0
BA2714R,0.1746817538896747,0.4214992927864215,0.2713452334705543,False,0.0
BA2139R,0.632956152758133,0.09900990099009899,0.2503376240513134,False,0.0
BA2251R,0.01272984441301273,0.3564356435643564,0.06736000509075336,False,0.0
BA2952R,0.2446958981612447,0.0014144271570014633,0.01860388463644432,False,0.0
BA2440R,0.8451202263083452,0.8189533239038189,0.83193390268312,False,0.0
BA2036R,0.6251768033946252,0.12305516265912309,0.2773648017186684,False,0.0
BA2828R,0.8557284299858557,0.0678925035360679,0.24103432423355922,False,0.0
BA2292R,0.37057991513437055,0.7934936350777935,0.5422663588558596,False,0.0
BA2410R,0.6138613861386139,0.06647807637906644,0.2020107029686357,False,0.0
BA2051R,0.9667609618104668,0.2828854314002829,0.5229556307591556,False,0.0
BA2532R,0.4045261669024045,0.042432814710042455,0.13101596805555207,False,0.0
BA2986R,0.3132956152758133,0.04667609618104662,0.12092731813661477,False,0.0
BA2494R,0.8734087694483734,0.594059405940594,0.7203170792934219,False,0.0
BA2515R,0.5869872701555869,0.45685997171145687,0.5178522836082378,False,0.0
BA2748R,0.10537482319660538,0.33239038189533243,0.18715121619821976,False,0.0
BA2970R,0.9052333804809052,0.30127298444130124,0.5222282663293613,False,0.0
BA2622R,0.4582743988684583,0.5728429985855729,0.5123663541088628,False,0.0
BA2839R,0.3132956152758133,0.7072135785007072,0.4707089474481962,False,0.0
BA2052R,0.6548797736916548,0.17963224893917962,0.3429832744216735,False,0.0
BA3011R,0.6082036775106082,0.3196605374823197,0.4409293758095104,False,0.0
BA2868R,0.13295615275813297,0.13012729844413018,0.13153412093423109,False,0.0
BA2510R,0.4306930693069307,0.20792079207920788,0.2992491338555923,False,0.0
BA2065R,0.3316831683168317,0.8274398868458275,0.5238777369393977,False,0.0
BA2691R,0.6039603960396039,0.6280056577086279,0.6158656880723384,False,0.0
BA2374R,0.33734087694483733,0.23055162659123052,0.2788807772065769,False,0.0
BA2804R,0.64002828854314,0.9688826025459689,0.7874720781759311,False,0.0
BA2670R,0.6803394625176803,0.7821782178217822,0.7294838643218289,False,0.0
BA2675R,0.2446958981612447,0.02545968882602545,0.07892959789705066,False,0.0
BA2589R,0.6683168316831684,0.16548797736916554,0.33256337849651546,False,0.0
BA2031R,0.03536067892503536,0.1018387553041018,0.06000906205260657,False,0.0
BA2198R,0.016973125884016973,0.8599717114568599,0.12081559549681822,False,0.0
BA2066R,0.19872701555869873,0.23196605374823198,0.2147042653798821,False,0.0
BA2344R,0.47454031117397455,0.4837340876944838,0.4791151474332647,False,0.0
BA2459R,0.9971711456859972,0.05940594059405946,0.2433883519043846,False,0.0
BA2229R,0.5063649222065064,0.42008486562942005,0.4612117087678629,False,0.0
BA2559R,0.963932107496464,0.45120226308345124,0.6594909767094658,False,0.0
BA2093R,0.42503536067892506,0.9929278642149929,0.6496379398517101,True,0.5
BA2000R,0.16124469589816123,0.12729844413012725,0.14326967198982288,False,0.0
BA2425R,0.7934936350777935,0.942008486562942,0.8645679489068281,False,0.0
BA2905R,0.2333804809052334,0.2545968882602546,0.24375796237077915,False,0.0
BA2304R,0.37906647807637905,0.1089108910891089,0.2031857965245322,False,0.0
BA2976R,0.34582743988684583,0.7623762376237624,0.5134692030570006,False,0.0
BA2386R,0.35007072135785006,0.695898161244696,0.49357225539786187,False,0.0
BA2035R,0.11598302687411598,0.4016973125884017,0.215847330771545,False,0.0
BA2760R,0.6626591230551626,0.7383309759547383,0.699472484841705,False,0.0
BA2201R,0.5063649222065064,0.14002828854313998,0.2662807042105329,False,0.0
BA2355R,0.8394625176803394,0.8161244695898161,0.8277112431170659,False,0.0
BA2113R,0.18246110325318246,0.8486562942008486,0.3935057353109917,False,0.0
BA2155R,0.5127298444130127,0.06364922206506363,0.18065119907276944,False,0.0
BA2955R,0.3026874115983027,0.5954738330975955,0.42454968285800293,False,0.0
BA2502R,0.9483734087694484,0.3507779349363508,0.5767741896762499,False,0.0
BA2322R,0.6803394625176803,0.3606789250353607,0.4953626005261318,False,0.0
BA2376R,0.28854314002828857,0.36209335219236205,0.32323296989161415,False,0.0
BA2020R,0.34582743988684583,0.24328147100424324,0.29005759477955984,False,0.0
BA2226R,0.3613861386138614,0.8048090523338048,0.539302174800357,False,0.0
BA2200R,0.6626591230551626,0.8741159830268741,0.761078794055576,False,0.0
BA2121R,0.5240452616690241,0.5261669024045261,0.5251050104999568,False,0.0
BA2944R,0.028288543140028287,0.21216407355021216,0.07747136598375758,False,0.0
BA2033R,0.7432814710042432,0.04950495049504955,0.19182312797458148,False,0.0
BA2867R,0.47454031117397455,0.6350777934936351,0.5489717786408977,False,0.0
BA2089R,0.08062234794908062,0.71004243281471,0.23925987561018092,False,0.0
BA2224R,0.18528995756718528,0.8359264497878359,0.3935591142515645,False,0.0
BA2046R,0.26308345120226306,0.20226308345120225,0.23067741555070714,False,0.0
BA2972R,0.272984441301273,0.42291371994342286,0.3397776707751678,False,0.0
BA2978R,0.6895332390381895,0.8217821782178218,0.7527590099961563,False,0.0
BA2829R,0.5565770862800565,0.7609618104667609,0.650794827299654,False,0.0
BA2851R,0.46746817538896746,0.8203677510608204,0.6192703898430413,False,0.0
BA2587R,0.4582743988684583,0.49080622347949077,0.47426145429073385,False,0.0
BA2461R,0.44554455445544555,0.8175388967468176,0.6035312779807335,False,0.0
BA2695R,0.7241867043847242,0.5318246110325318,0.6205967389330507,False,0.0
BA2623R,0.46746817538896746,0.4497878359264498,0.4585427994993376,False,0.0
BA2024R,0.7206506364922206,0.9476661951909476,0.826399568457364,False,0.0
BA2426R,0.8323903818953324,0.35926449787835923,0.5468530996441386,False,0.0
BA2271R,0.47454031117397455,0.5756718528995757,0.5226657633794882,False,0.0
BA3004R,0.1789250353606789,0.9872701555869873,0.42029435815740457,False,0.0
BA2579R,0.5240452616690241,0.4554455445544554,0.4885428124248997,False,0.0
BA3010R,0.036775106082036775,0.652050919377652,0.1548523223300276,False,0.0
BA2662R,0.28854314002828857,0.20509193776520507,0.24326502362086214,False,0.0
BA2674R,0.13578500707213578,0.074964639321075,0.1008913974547497,False,0.0
BA2280R,0.0785007072135785,0.8033946251768034,0.25113153176765135,False,0.0
BA2512R,0.6039603960396039,0.43988684582743987,0.5154359646149586,False,0.0
BA2658R,0.5063649222065064,0.9335219236209336,0.6875338218825182,False,0.0
BA2394R,0.47454031117397455,0.8076379066478077,0.6190773324363832,False,0.0
BA2950R,0.7659123055162659,0.23338048090523333,0.4227871594462421,False,0.0
BA2981R,0.8635077793493635,0.8656294200848657,0.8645679489068281,False,0.0
BA2934R,0.8734087694483734,0.6732673267326732,0.7668360889729826,False,0.0
BA2539R,0.7567185289957568,0.9632248939179632,0.8537506221477645,False,0.0
BA2249R,0.19519094766619519,0.6379066478076378,0.3528648510522671,False,0.0
BA2034R,0.024045261669024046,0.8967468175388967,0.14684179200277875,False,0.0
BA2109R,0.9052333804809052,0.7411598302687412,0.819098662330019,False,0.0
BA2242R,0.8826025459688827,0.014144271570014189,0.11173079297387005,False,0.0
BA2277R,0.16548797736916548,0.8910891089108911,0.3840111121951491,False,0.0
BA2727R,0.2376237623762376,0.7977369165487977,0.4353863198318753,False,0.0
BA2132R,0.7369165487977369,0.23620933521923626,0.41721285706886757,False,0.0
BA2618R,0.12093352192362093,0.5247524752475248,0.2519130107196151,False,0.0
BA2521R,0.18811881188118812,0.4384724186704385,0.2872018635784834,False,0.0
BA2846R,0.25742574257425743,0.5332390381895332,0.3704989276307334,False,0.0
BA2885R,0.5565770862800565,0.2277227722772277,0.35601302935942697,False,0.0
BA2639R,0.5014144271570015,0.46817538896746813,0.4845099529092559,False,0.0
BA2775R,0.8111739745403111,0.6789250353606789,0.7421093715541148,False,0.0
BA2402R,0.7758132956152758,0.8528995756718529,0.8134438091416337,False,0.0
BA2097R,0.632956152758133,0.6407355021216408,0.6368339488111986,False,0.0
BA2786R,0.09971711456859972,0.15134370579915135,0.12284770103836061,False,0.0
BA2399R,0.3741159830268741,0.5007072135785007,0.4328077765204407,False,0.0
BA2850R,0.6895332390381895,0.1527581329561527,0.3245486253347599,False,0.0
BA2174R,0.49434229137199437,0.8062234794908062,0.6313084525090625,False,0.0
BA2004R,0.7496463932107497,0.7425742574257426,0.7461019459633909,False,0.0
BA3001R,0.35714285714285715,0.5091937765205092,0.42644451008999534,False,0.0
BA2311R,0.6626591230551626,0.6987270155586986,0.6804541361363587,False,0.0
BA2483R,0.04526166902404526,0.2956152758132956,0.11567212616837835,False,0.0
BA3040R,0.24964639321074963,0.9957567185289957,0.49858507127283247,True,0.5
BA2837R,0.7659123055162659,0.35219236209335214,0.5193731452781698,False,0.0
BA2724R,0.9731258840169731,0.5841584158415842,0.7539626481608994,False,0.0
BA2911R,0.015558698727015558,0.6053748231966054,0.09705073153272104,False,0.0
BA2256R,0.3132956152758133,0.04101838755304099,0.1133617261956245,False,0.0
BA2821R,0.41371994342291374,0.40028288543140034,0.40694595797702626,False,0.0
BA2233R,0.7496463932107497,0.44695898161244696,0.5788447015209871,False,0.0
BA2744R,0.031117397454031116,0.22630834512022635,0.08391738033488728,False,0.0
BA2880R,0.6485148514851485,0.8755304101838756,0.7535213825307994,False,0.0
BA2621R,0.6251768033946252,0.39603960396039606,0.49758896051021245,False,0.0
BA3002R,0.04809052333804809,0.17114568599717117,0.09072202382361855,False,0.0
BA2501R,0.25742574257425743,0.4625176803394625,0.34505645525784495,False,0.0
BA2993R,0.5756718528995757,0.1867043847241867,0.3278421252655732,False,0.0
BA2301R,0.9844413012729845,0.3734087694483734,0.6062994432642179,False,0.0
BA2852R,0.8196605374823197,0.27015558698727016,0.470569733019281,False,0.0
BA2133R,0.8826025459688827,0.512022630834512,0.6722443585246556,False,0.0
BA2866R,0.6803394625176803,0.11315417256011318,0.2774585535556261,False,0.0
BA2212R,0.5063649222065064,0.3847241867043847,0.44137380175031593,False,0.0
BA2685R,0.28005657708628007,0.6619519094766619,0.43056240658441264,False,0.0
BA2273R,0.9773691654879774,0.08769448373408772,0.29276250508745877,False,0.0
BA2477R,0.6103253182461104,0.3465346534653465,0.45989006584133035,False,0.0
BA2659R,0.24964639321074963,0.8712871287128713,0.4663836287158014,False,0.0
BA2124R,0.7397454031117398,0.7736916548797736,0.7565281522344209,False,0.0
BA2363R,0.7263083451202264,0.6817538896746818,0.7036785767585194,False,0.0
BA2369R,0.64002828854314,0.5275813295615276,0.5810911937265775,False,0.0
BA2534R,0.17114568599717114,0.3536067892503536,0.24600462702865752,False,0.0
BA2400R,0.5926449787835927,0.2446958981612447,0.38081202104739686,False,0.0
BA2762R,0.8394625176803394,0.18953323903818953,0.3988809973251523,False,0.0
BA2312R,0.5509193776520509,0.8316831683168316,0.6768976093123648,False,0.0
BA2813R,0.7567185289957568,0.09759547383309763,0.27175780282381135,False,0.0
BA2211R,0.6449787835926449,0.6336633663366337,0.6392960403655121,False,0.0
BA2171R,0.8196605374823197,0.48514851485148514,0.6306005807497465,False,0.0
BA2746R,0.8557284299858557,0.6916548797736917,0.7693300620415121,False,0.0
BA2798R,0.9052333804809052,0.2659123055162659,0.49062480087533344,False,0.0
BA2809R,0.11173974540311174,0.011315417256011262,0.03555814735495475,False,0.0
BA2288R,0.6294200848656294,0.3267326732673267,0.4534888167709263,False,0.0
BA2801R,0.9052333804809052,0.685997171145686,0.7880276253003745,False,0.0
BA3030R,0.14427157001414428,0.654879773691655,0.3073768584669356,False,0.0
BA2588R,0.5063649222065064,0.5148514851485149,0.5105905720096406,False,0.0
BA2296R,0.12942008486562942,0.5685997171145686,0.27127149434384057,False,0.0
BA2300R,0.26874115983026875,0.8981612446958982,0.4912971551049054,False,0.0
BA2903R,0.9985855728429985,0.032531824611032545,0.18023820548051372,False,0.0
BA2473R,0.2743988684582744,0.6364922206506365,0.4179147582091699,False,0.0
BA2545R,0.057284299858557285,0.9504950495049505,0.2333419024305661,True,0.5
BA2840R,0.06364922206506365,0.7666195190947667,0.2208953055415056,False,0.0
BA2528R,0.29773691654879775,0.7567185289957568,0.4746609753482359,False,0.0
BA2646R,0.11386138613861387,0.9193776520509194,0.323545381434169,False,0.0
BA3407R,0.7001414427157001,0.826025459688826,0.760483173427548,False,0.0
BA2240R,0.2157001414427157,0.20650636492220653,0.21105319737578251,False,0.0
BA2926R,0.36704384724186706,0.8330975954738331,0.5529768047311427,False,0.0
BA2272R,0.44554455445544555,0.7284299858557284,0.5696911562417631,False,0.0
BA2306R,0.21994342291371993,0.17256011315417252,0.1948164827356955,False,0.0
BA2765R,0.7263083451202264,0.7355021216407356,0.7308907776140687,False,0.0
BA2904R,0.6895332390381895,0.2517680339462518,0.41665624672292606,False,0.0
BA2883R,0.6188118811881188,0.33521923620933525,0.45545323159369844,False,0.0
BA2726R,0.8486562942008486,0.3408769448373409,0.5378544085383746,False,0.0
BA2234R,0.2065063649222065,0.1258840169731259,0.16123228816501234,False,0.0
BA2022R,0.20226308345120225,0.8132956152758133,0.40558559997000476,False,0.0
BA2228R,0.3953323903818953,0.925035360678925,0.6047284021153447,False,0.0
BA2037R,0.12093352192362093,0.6803394625176804,0.28683766716713893,False,0.0
BA2184R,0.10537482319660538,0.7312588401697313,0.2775901132854701,False,0.0
BA3009R,0.9052333804809052,0.5473833097595474,0.7039244589531334,False,0.0
BA2842R,0.8635077793493635,0.6562942008486563,0.7528048538463925,False,0.0
BA2442R,0.4823196605374823,0.3635077793493635,0.418720609402641,False,0.0
BA2882R,0.8451202263083452,0.3748231966053748,0.5628238309993204,False,0.0
BA2758R,0.582036775106082,0.37199434229137196,0.4653110651434996,False,0.0
BA2705R,0.43564356435643564,0.26732673267326734,0.34126114731909085,False,0.0
BA2663R,0.9483734087694484,0.37623762376237624,0.5973388969042966,False,0.0
BA2570R,0.22418670438472418,0.10466760961810462,0.1531831794163763,False,0.0
BA2764R,0.6039603960396039,0.6902404526166903,0.645660822045857,False,0.0
BA2209R,0.6548797736916548,0.3338048090523338,0.4675489469663881,False,0.0
BA2989R,0.3316831683168317,0.9306930693069306,0.5556034790731961,False,0.0
BA2855R,0.5643564356435643,0.9137199434229137,0.7180972987322782,False,0.0
BA2261R,0.6760961810466761,0.8797736916548797,0.7712403212444227,False,0.0
BA2721R,0.2927864214992928,0.9236209335219236,0.5200227571440699,False,0.0
BA2930R,0.5926449787835927,0.6746817538896747,0.6323343686054265,False,0.0
BA2728R,0.2842998585572843,0.7171145685997171,0.4515258247567547,False,0.0
BA2715R,0.7821782178217822,0.9759547383309759,0.873710786188683,False,0.0
BA2469R,0.28005657708628007,0.8882602545968883,0.4987615928118285,False,0.0
BA2269R,0.7369165487977369,0.9603960396039604,0.8412679329345468,False,0.0
BA2098R,0.7984441301272984,0.7538896746817538,0.7758471405587732,False,0.0
BA2778R,0.6548797736916548,0.577086280056577,0.6147537169338712,False,0.0
BA2951R,0.08203677510608204,0.7029702970297029,0.24014457346290677,False,0.0
BA2163R,0.15558698727015557,0.8613861386138614,0.3660880688894454,False,0.0
BA2379R,0.5304101838755304,0.6874115983026874,0.6038295390703412,False,0.0
BA2817R,0.5162659123055162,0.35502121640735507,0.4281183857023163,False,0.0
BA3153R,0.46746817538896746,0.012729844413012725,0.07714141002559197,False,0.0
BA2820R,0.32885431400282883,0.8373408769448374,0.5247505690080018,False,0.0
BA2723R,0.942008486562942,0.10042432814710045,0.30757205557714495,False,0.0
BA2704R,0.35007072135785006,0.3705799151343706,0.3601793694977823,False,0.0
BA2088R,0.5509193776520509,0.8472418670438473,0.6831997966280128,False,0.0
BA2116R,0.8557284299858557,0.9448373408769448,0.8991797230257358,False,0.0
BA2584R,0.16124469589816123,0.33804809052333806,0.23347047255571685,False,0.0
BA3079R,0.9321074964639321,0.5431400282885431,0.7115229384899571,False,0.0
BA2417R,0.5756718528995757,0.08628005657708626,0.22286543033411768,False,0.0
BA2361R,0.7659123055162659,0.7779349363507779,0.7719002141741339,False,0.0
BA2450R,0.16831683168316833,0.4695898161244696,0.28114030312417376,False,0.0
BA2492R,0.7715700141442716,0.3875530410183875,0.5468311488386637,False,0.0
BA2552R,0.15770862800565771,0.3437057991513437,0.23282046736003809,False,0.0
BA2472R,0.2927864214992928,0.6025459688826025,0.42002056856535186,False,0.0
BA2994R,0.32248939179632247,0.2984441301272984,0.31023388920286415,False,0.0
BA2047R,0.8323903818953324,0.8246110325318246,0.8284915764715233,False,0.0
BA2101R,0.6732673267326733,0.3903818953323904,0.5126708252624415,False,0.0
BA2082R,0.41089108910891087,0.11032531824611036,0.21291240022702174,False,0.0
BA2879R,0.9321074964639321,0.8811881188118812,0.906290268809891,False,0.0
BA2577R,0.04667609618104668,0.6973125884016973,0.18041017001403284,False,0.0
BA2456R,0.7107496463932107,0.08203677510608198,0.24146968525652887,False,0.0
BA2175R,0.8734087694483734,0.809052333804809,0.8406148959468853,False,0.0
BA2824R,0.08486562942008487,0.2814710042432814,0.1545548897272728,False,0.0
BA2507R,0.9264497878359265,0.18246110325318243,0.4111460207726933,False,0.0
BA2563R,0.46746817538896746,0.6237623762376238,0.5399898701791439,False,0.0
BA2244R,0.12588401697312587,0.2715700141442716,0.18489544145253967,False,0.0
BA2470R,0.9321074964639321,0.9278642149929278,0.929983435602769,False,0.0
BA2984R,0.9052333804809052,0.43422913719943423,0.626959894865972,False,0.0
BA2414R,0.6485148514851485,0.6661951909476662,0.6572955768279184,False,0.0
BA2697R,0.7864214992927864,0.7906647807637907,0.7885402857979182,False,0.0
BA2079R,0.8500707213578501,0.7256011315417257,0.7853739728993743,False,0.0
BA2999R,0.4582743988684583,0.7963224893917963,0.604097848143378,False,0.0
BA2644R,0.3953323903818953,0.7015558698727016,0.5266381670779521,False,0.0
BA2011R,0.9844413012729845,0.2998585572842999,0.5433168029159378,False,0.0
BA2217R,0.09335219236209336,0.6421499292786421,0.24483893424724026,False,0.0
BA2454R,0.051626591230551626,0.6039603960396039,0.17657977371652367,False,0.0
BA2776R,0.021216407355021217,0.5035360678925036,0.10335969395442779,False,0.0
BA2218R,0.1669024045261669,0.3295615275813296,0.2345306193072465,False,0.0
BA2135R,0.9483734087694484,0.19801980198019797,0.43335518297097997,False,0.0
BA2914R,0.5304101838755304,0.5403111739745403,0.5353377897531983,False,0.0
BA2500R,0.06647807637906648,0.8698727015558698,0.2404734161900147,False,0.0
BA2830R,0.4823196605374823,0.24752475247524752,0.34552287129578807,False,0.0
BA2406R,0.8451202263083452,0.7496463932107497,0.7959530950260219,False,0.0
BA3108R,0.46746817538896746,0.9971711456859972,0.682748691704612,False,0.0
BA2924R,0.8826025459688827,0.2588401697312589,0.477967564593903,False,0.0
BA2303R,0.7107496463932107,0.02970297029702973,0.1452975417391565,False,0.0
BA2160R,0.0785007072135785,0.8005657708628006,0.25068900890089596,False,0.0
BA2038R,0.3422913719943423,0.9787835926449788,0.5788170512450382,False,0.0
BA2602R,0.4985855728429986,0.958981612446959,0.6914726289505388,False,0.0
BA2964R,0.10891089108910891,0.9745403111739745,0.32578835720788896,False,0.0
BA2898R,0.4045261669024045,0.9915134370579916,0.6333191376591251,True,0.5
BA3003R,0.36704384724186706,0.9660537482319661,0.5954696334772134,True,0.5
BA2111R,0.22984441301272984,0.9943422913719944,0.4780627786118982,True,0.5
BA2827R,0.582036775106082,0.9717114568599717,0.7520450802208672,True,0.5
BA2912R,0.22984441301272984,0.9773691654879774,0.4739650220620988,True,0.5
BA2437R,0.4533239038189533,0.9816124469589816,0.6670744984577965,True,0.5
BA2283R,0.4893917963224894,0.9038189533239038,0.6650726134171348,False,0.0
BA2057R,0.4207920792079208,0.9801980198019802,0.6422301478348411,False,0.0
BA2633R,0.4306930693069307,0.9844413012729845,0.6511467158772826,True,0.5
BA3034R,0.326025459688826,0.9731258840169731,0.5632617630123039,True,0.5
BA2607R,0.36704384724186706,0.983026874115983,0.60067792186635,False,0.0
BA2761R,0.44554455445544555,0.9207920792079208,0.6405106530548859,False,0.0
BA2795R,0.5304101838755304,0.9108910891089109,0.6950869802153106,False,0.0
BA2182R,0.44554455445544555,0.9547383309759547,0.6522104447923365,False,0.0
BA2152R,0.326025459688826,0.9674681753889675,0.5616219872970589,False,0.0
BA2381R,0.30905233380480907,0.9165487977369166,0.5322232097405993,False,0.0
BA2931R,0.5926449787835927,0.9618104667609618,0.7549914858244348,True,0.5
BA2040R,0.8111739745403111,0.7553041018387553,0.7827407171440253,False,0.0
BA2590R,0.5190947666195191,0.3125884016973126,0.4028188220863506,False,0.0
BA3195R,0.5565770862800565,0.5657708628005658,0.5611551463897417,False,0.0
BA2516R,0.019801980198019802,0.7185289957567185,0.11928242513328438,False,0.0
BA2353R,0.14285714285714285,0.6181046676096181,0.29715428114259773,False,0.0
BA3036R,0.21994342291371993,0.5106082036775106,0.33511925651125685,False,0.0
BA2971R,0.695898161244696,0.39321074964639324,0.523100982278349,False,0.0
BA3410R,0.9483734087694484,0.6011315417256011,0.7550477927556256,False,0.0
BA3118R,0.6548797736916548,0.08910891089108908,0.24156908618088171,False,0.0
BA3206R,0.35431400282885434,0.7114568599717115,0.502074823006118,False,0.0
BA3202R,0.7984441301272984,0.6944837340876945,0.7446519058937587,False,0.0
BA3217R,0.6626591230551626,0.15841584158415845,0.32399954114505164,False,0.0
BA3405R,0.19165487977369167,0.49222065063649223,0.30714245818490354,False,0.0
BA3306R,0.9264497878359265,0.05516265912305518,0.2260651097383672,False,0.0
BA3371R,0.30905233380480907,0.14568599717114572,0.2121900031302686,False,0.0
BA3413R,0.04950495049504951,0.13154172560113153,0.08069675714622863,False,0.0
BA3411R,0.29773691654879775,0.8896746817538896,0.5146736796038205,False,0.0
BA3133R,0.09971711456859972,0.9264497878359265,0.3039455537356814,False,0.0
BA3164R,0.13861386138613863,0.132956152758133,0.13575553664160486,False,0.0
BA3451R,0.3896746817538897,0.37906647807637905,0.3843339813339185,False,0.0
BA3286R,0.5601131541725601,0.5884016973125884,0.5740832087792168,False,0.0
BA3212R,0.12305516265912306,0.6152758132956153,0.275159708688093,False,0.0
BA3103R,0.7312588401697313,0.01980198019801982,0.1203344218113336,False,0.0
BA3271R,0.8111739745403111,0.5983026874115983,0.6966545549451433,False,0.0
BA3152R,0.8246110325318247,0.8345120226308345,0.8295467561517156,False,0.0
BA3095R,0.8451202263083452,0.28005657708628007,0.4864992063778702,False,0.0
BA3192R,0.6803394625176803,0.11739745403111734,0.2826130230128726,False,0.0
BA3251R,0.9844413012729845,0.0,0.0,False,0.0
BA3362R,0.27157001414427157,0.6478076379066477,0.41943429686790695,False,0.0
BA3400R,0.9186704384724187,0.5997171145685998,0.7422549323515131,False,0.0
BA3135R,0.4823196605374823,0.04384724186704381,0.14542484936494673,False,0.0
BA3408R,0.8557284299858557,0.4653465346534653,0.6310390316758294,False,0.0
BA3187R,0.8557284299858557,0.3804809052333805,0.5706034767462935,False,0.0
BA3098R,0.09476661951909476,0.5869872701555869,0.23585334276491948,False,0.0
BA3435R,0.29773691654879775,0.6647807637906649,0.44489299251841136,False,0.0
BA3261R,0.7369165487977369,0.7043847241867044,0.7204670429474981,False,0.0
BA3203R,0.9957567185289957,0.48797736916548795,0.6970701140033466,False,0.0
BA3174R,0.7984441301272984,0.4045261669024045,0.568323449671154,False,0.0
BA3317R,0.6626591230551626,0.6294200848656295,0.6458257980836349,False,0.0
BA3299R,0.9886845827439887,0.5827439886845828,0.7590454514053716,False,0.0
BA3221R,0.7432814710042432,0.5162659123055162,0.6194601574982783,False,0.0
BA3347R,0.9943422913719944,0.44130127298444133,0.6624232174106878,False,0.0
BA3235R,0.8196605374823197,0.2786421499292786,0.47790372919267077,False,0.0
BA3126R,0.4985855728429986,0.7439886845827439,0.6090501001489093,False,0.0
BA3380R,0.3345120226308345,0.13719943422913716,0.21423085736605457,False,0.0
BA3089R,0.3055162659123055,0.3224893917963225,0.31388812462076826,False,0.0
BA3109R,0.888967468175389,0.536067892503536,0.690323777056089,False,0.0
BA3114R,0.954031117397454,0.25742574257425743,0.4955725666690885,False,0.0
BA3418R,0.38189533239038187,0.7397454031117398,0.531512292055052,False,0.0
BA3245R,0.9809052333804809,0.31117397454031115,0.5524782168722996,False,0.0
BA3085R,0.8323903818953324,0.734087694483734,0.7816952963629623,False,0.0
BA3128R,0.1789250353606789,0.03111739745403108,0.07461689781674666,False,0.0
BA3423R,0.14144271570014144,0.004243281471004279,0.024498596995316615,False,0.0
BA3173R,0.963932107496464,0.005657708628005631,0.07384881178051815,False,0.0
BA3171R,0.25742574257425743,0.9533239038189534,0.4953888511607665,True,0.5
BA3277R,0.632956152758133,0.4285714285714286,0.5208329123726999,False,0.0
BA3210R,0.9052333804809052,0.7241867043847242,0.809665349702894,False,0.0
BA3157R,0.3741159830268741,0.693069306930693,0.5092035988365857,False,0.0
BA3433R,0.8048090523338048,0.15417256011315417,0.3522491618166666,False,0.0
BA3322R,0.2842998585572843,0.7807637906647807,0.47113802144663114,False,0.0
BA3374R,0.07355021216407355,0.12446958981612444,0.09568053479653613,False,0.0
BA3450R,0.7567185289957568,0.6534653465346535,0.7031993570669739,False,0.0
BA3167R,0.1181046676096181,0.42998585572842996,0.2253515843468677,False,0.0
BA3269R,0.888967468175389,0.2616690240452617,0.4823020317243556,False,0.0
BA3110R,0.5728429985855729,0.0240452616690241,0.11736336650019248,False,0.0
BA3156R,0.26591230551626593,0.9222065063649222,0.49520304751646815,False,0.0
BA3226R,0.7758132956152758,0.7142857142857143,0.7444141011633991,False,0.0
BA3421R,0.44554455445544555,0.5601131541725601,0.4995551678448013,False,0.0
BA3232R,0.18953323903818953,0.3677510608203678,0.2640095636847547,False,0.0
BA3289R,0.958981612446959,0.7708628005657708,0.8597925630417732,False,0.0
BA3430R,0.7609618104667609,0.6831683168316831,0.7210166428243993,False,0.0
BA3145R,0.17114568599717114,0.7468175388967468,0.3575116781438094,False,0.0
BA3399R,0.7171145685997171,0.9858557284299858,0.8408159759392236,False,0.0
BA3449R,0.13154172560113153,0.4526166902404526,0.24400405830662317,False,0.0
BA3384R,0.0876944837340877,0.6718528995756718,0.2427298769693142,False,0.0
BA3427R,0.6138613861386139,0.7920792079207921,0.6972996776894657,False,0.0
BA3163R,0.5127298444130127,0.21640735502121644,0.33310435222293316,False,0.0
BA3158R,0.7001414427157001,0.6124469589816124,0.6548278380217424,False,0.0
BA3436R,0.12588401697312587,0.8727015558698727,0.3314501130963699,False,0.0
BA3154R,0.15134370579915135,0.26025459688826025,0.19846383837952342,False,0.0
BA3162R,0.5466760961810466,0.24611032531824606,0.3668005341801265,False,0.0
BA3352R,0.3635077793493635,0.1626591230551626,0.24316220226979565,False,0.0
BA3084R,0.009900990099009901,0.40594059405940597,0.06339726967755296,False,0.0
BA3149R,0.7496463932107497,0.8118811881188119,0.7801434511606987,False,0.0
BA3169R,0.35714285714285715,0.05657708628005653,0.14214817002999838,False,0.0
BA3180R,0.1746817538896747,0.4314002828854314,0.2745136755116746,False,0.0
BA3255R,0.6485148514851485,0.10325318246110327,0.25876866558594636,False,0.0
BA3438R,0.9483734087694484,0.842998585572843,0.8941350245838381,False,0.0
BA3345R,0.954031117397454,0.25601131541725597,0.49420922827676617,False,0.0
BA3403R,0.21782178217821782,0.16407355021216408,0.1890470658738741,False,0.0
BA3431R,0.7107496463932107,0.2347949080622348,0.408509972803798,False,0.0
BA3181R,0.17114568599717114,0.5968882602545968,0.31961672478913083,False,0.0
BA3341R,0.7821782178217822,0.5912305516265912,0.6800350426213905,False,0.0
BA3191R,0.4823196605374823,0.5077793493635078,0.4948858084578206,False,0.0
BA3197R,0.4045261669024045,0.5572842998585572,0.47480109698343403,False,0.0
BA3448R,0.0297029702970297,0.7652050919377652,0.15076095023899033,False,0.0
BA3453R,0.8734087694483734,0.18528995756718525,0.40228581112176526,False,0.0
BA3406R,0.64002828854314,0.38613861386138615,0.49713140734631056,False,0.0
BA3308R,0.32248939179632247,0.5516265912305516,0.4217744941371149,False,0.0
BA3186R,0.48656294200848654,0.9405940594059405,0.6765044070663986,False,0.0
BA3334R,0.8048090523338048,0.5742574257425743,0.6798290774948741,False,0.0
BA3447R,0.21145685997171146,0.6463932107496464,0.3697083697350561,False,0.0
BA3116R,0.958981612446959,0.4115983026874116,0.6282636421054504,False,0.0
BA3280R,0.7206506364922206,0.2927864214992928,0.45934379391665336,False,0.0
BA3185R,0.5127298444130127,0.2107496463932107,0.3287212092416435,False,0.0
BA3094R,0.7567185289957568,0.38189533239038187,0.5375753660248909,False,0.0
BA3318R,0.64002828854314,0.7057991513437059,0.6721096806992983,False,0.0
BA3216R,0.9773691654879774,0.20933521923620935,0.45232487056554466,False,0.0
BA3332R,0.64002828854314,0.2418670438472419,0.39344853555266773,False,0.0
BA3214R,0.33946251768033947,0.2885431400282885,0.3129689773338462,False,0.0
BA3099R,0.0594059405940594,0.19519094766619516,0.10768241194158007,False,0.0
BA3141R,0.09618104667609619,0.5898161244695899,0.23817878200613038,False,0.0
BA3373R,0.06647807637906648,0.5233380480905233,0.18652213469996898,False,0.0
BA3319R,0.8635077793493635,0.5487977369165489,0.6883974979012963,False,0.0
BA3328R,0.9667609618104668,0.7086280056577086,0.8276919066388647,False,0.0
BA3339R,0.7050919377652051,0.9292786421499293,0.8094608566924729,False,0.0
BA3240R,0.43564356435643564,0.785007072135785,0.5847933643178956,False,0.0
BA3142R,0.2157001414427157,0.9900990099009901,0.46213038904397574,False,0.0
BA3333R,0.7821782178217822,0.3493635077793493,0.52274709553169,False,0.0
BA3381R,0.4045261669024045,0.5544554455445545,0.47359448487530287,False,0.0
BA3290R,0.06647807637906648,0.4243281471004243,0.16795391919431285,False,0.0
BA3207R,0.43847241867043846,0.6393210749646393,0.5294569463579925,False,0.0
BA3296R,0.5417256011315418,0.57991513437058,0.560495204950213,False,0.0
BA3305R,0.32885431400282883,0.27439886845827444,0.3003951591653872,False,0.0
BA3434R,0.57001414427157,0.7510608203677511,0.6543051969974157,False,0.0
BA3189R,0.14992927864214992,0.1499292786421499,0.1499292786421499,False,0.0
BA3264R,0.3422913719943423,0.6223479490806223,0.46154559184188,False,0.0
BA3329R,0.22206506364922207,0.41018387553041014,0.301807071533364,False,0.0
BA3417R,0.4823196605374823,0.048090523338048086,0.15229906398752824,False,0.0
BA3367R,0.9363507779349364,0.09618104667609617,0.3000986469109101,False,0.0
BA3225R,0.7659123055162659,0.08345120226308345,0.25281673742737537,False,0.0
BA3183R,0.7001414427157001,0.6082036775106082,0.6525554384397326,False,0.0
BA3222R,0.12588401697312587,0.2008486562942009,0.1590082880165959,False,0.0
BA3139R,0.19377652050919378,0.7227722772277227,0.37424096114895616,False,0.0
BA3397R,0.7107496463932107,0.8769448373408769,0.7894860562710274,False,0.0
BA3311R,0.8394625176803394,0.47807637906647804,0.6335039074975355,False,0.0
BA3422R,0.9773691654879774,0.4596888260254597,0.6702877622906833,False,0.0
BA3228R,0.2446958981612447,0.6888260254596889,0.4105519491814635,False,0.0
BA3213R,0.9264497878359265,0.1838755304101839,0.41273653356194834,False,0.0
BA3270R,0.6103253182461104,0.7694483734087695,0.6852837539112241,False,0.0
BA3415R,0.07072135785007072,0.768033946251768,0.23305879849058106,False,0.0
BA3324R,0.16124469589816123,0.9377652050919377,0.3888568699649349,False,0.0
BA3194R,0.13578500707213578,0.5855728429985856,0.28197874499297565,False,0.0
BA3335R,0.942008486562942,0.25035360678925034,0.4856286876175208,False,0.0
BA3199R,0.008486562942008486,0.3946251768033946,0.05787064369300929,False,0.0
BA3326R,0.7659123055162659,0.00990099009900991,0.08708208859246774,False,0.0
BA3285R,0.06930693069306931,0.9646393210749646,0.25856564073664545,False,0.0
BA3297R,0.1867043847241867,0.6633663366336633,0.3519281229568416,False,0.0
BA3227R,0.04384724186704385,0.6435643564356436,0.16798369561847984,False,0.0
BA3394R,0.1181046676096181,0.347949080622348,0.20271756340281574,False,0.0
BA3412R,0.24045261669024046,0.12164073550212162,0.1710229024066969,False,0.0
BA3293R,0.15417256011315417,0.3055162659123055,0.21703046991588834,False,0.0
BA3250R,0.3026874115983027,0.3366336633663366,0.3192096054651407,False,0.0
BA3177R,0.03253182461103253,0.028288543140028266,0.030336082870618397,False,0.0
BA3315R,0.4893917963224894,0.6138613861386139,0.548104667427116,False,0.0
BA3182R,0.7107496463932107,0.36916548797736914,0.5122345556876188,False,0.0
BA3260R,0.5367751060820368,0.4073550212164073,0.46760884799850333,False,0.0
BA3369R,0.3026874115983027,0.4738330975954739,0.3787127062045581,False,0.0
BA3078R,0.02263083451202263,0.33097595473833097,0.08654630008926933,False,0.0
BA3386R,0.09971711456859972,0.2644978783592645,0.16240371067036102,False,0.0
BA3445R,0.5417256011315418,0.21499292786421498,0.3412728718873975,False,0.0
BA3452R,0.3868458274398868,0.09476661951909482,0.19146819929571898,False,0.0
BA3176R,0.16407355021216408,0.7482319660537482,0.350378474014409,False,0.0
BA3258R,0.8557284299858557,0.46110325318246115,0.62815536526181,False,0.0
BA3295R,0.6548797736916548,0.5346534653465347,0.5917209987735754,False,0.0
BA3283R,0.9186704384724187,0.05374823196605372,0.2222091623389365,False,0.0
BA3390R,0.958981612446959,0.026874115983026914,0.1605359245729433,False,0.0
BA3275R,0.9186704384724187,0.0028288543140028155,0.05097827805074981,False,0.0
BA3136R,0.2524752475247525,0.3917963224893918,0.31451370955778213,False,0.0
BA3190R,0.2765205091937765,0.32107496463932106,0.29796612678530904,False,0.0
BA3234R,0.7659123055162659,0.17821782178217827,0.36945801218172974,False,0.0
BA3087R,0.0014144271570014145,0.8514851485148515,0.034703943837016395,False,0.0
BA3454R,0.11386138613861387,0.364922206506365,0.20383951595698077,False,0.0
BA3302R,0.09971711456859972,0.4893917963224894,0.22090889032092506,False,0.0
BA3117R,0.04101838755304102,0.07213578500707218,0.05439571293643399,False,0.0
BA3083R,0.3345120226308345,0.5063649222065063,0.4115642772600698,False,0.0
BA3266R,0.7496463932107497,0.3026874115983027,0.47634916434792374,False,0.0
BA3175R,0.5417256011315418,0.24893917963224899,0.3672284394371887,False,0.0
BA3268R,0.026874115983026876,0.9561527581329562,0.16029897104958632,False,0.0
BA3229R,0.35431400282885434,0.9886845827439887,0.5918655185489338,True,0.5
BA3353R,0.26874115983026875,0.727015558698727,0.44201697304441456,False,0.0
BA3312R,0.15275813295615276,0.062234794908062274,0.09750318494831169,False,0.0
BA3119R,0.582036775106082,0.6308345120226309,0.6059446220598635,False,0.0
BA3138R,0.8946251768033946,0.7524752475247525,0.82047748375992,False,0.0
BA3219R,0.36704384724186706,0.057991513437057995,0.14589526448557608,False,0.0
BA3388R,0.8196605374823197,0.7892503536067892,0.8043117362350569,False,0.0
BA3357R,0.31966053748231965,0.4964639321074965,0.3983715945923707,False,0.0
BA3351R,0.5926449787835927,0.9052333804809052,0.732449327646156,False,0.0
BA3208R,0.9377652050919377,0.8571428571428572,0.8965482403204308,False,0.0
BA3310R,0.4582743988684583,0.14144271570014144,0.2545968882602546,False,0.0
BA3200R,0.07213578500707214,0.801980198019802,0.2405233276509486,False,0.0
BA3325R,0.6895332390381895,0.7637906647807637,0.7257127882526337,False,0.0
BA3146R,0.4306930693069307,0.4483734087694484,0.43944433051130016,False,0.0
BA3211R,0.44554455445544555,0.7298444130127298,0.5702439862177882,False,0.0
BA3237R,0.2376237623762376,0.42715700141442714,0.3185948113222311,False,0.0
BA3130R,0.41725601131541723,0.4158415841584159,0.4165481973853986,False,0.0
BA3376R,0.57001414427157,0.08486562942008491,0.21994228591145878,False,0.0
BA3137R,0.632956152758133,0.29137199434229133,0.429448130232699,False,0.0
BA3300R,0.07496463932107496,0.538896746817539,0.20099303534321147,False,0.0
BA3375R,0.7432814710042432,0.6506364922206507,0.6954178952448707,False,0.0
BA3249R,0.09052333804809053,0.4936350777934936,0.21138943923360004,False,0.0
BA3385R,0.19872701555869873,0.644978783592645,0.35801495605916545,False,0.0
BA3242R,0.599009900990099,0.884016973125884,0.727691500256601,False,0.0
BA3446R,0.7984441301272984,0.3988684582743989,0.5643351656614347,False,0.0
BA3416R,0.004243281471004243,0.4455445544554455,0.0434806963194891,False,0.0
BA3123R,0.033946251768033946,0.7793493635077793,0.16265297325561584,False,0.0
