,x,y,truth,pred_bypass,score,stability
spot0,0,0,False,False,0.03739658203125,0.9629629629629629
spot1,1,0,False,False,0.17565703124999996,0.3333333333333333
spot2,2,0,False,False,0.121981640625,0.8518518518518519
spot3,3,0,False,False,0.06502607421875,0.7407407407407407
spot4,4,0,False,False,0.20580371093750002,0.7407407407407407
spot5,5,0,False,False,0.060680175781250005,1.0
spot6,6,0,False,False,0.1497123046875,1.0
spot7,7,0,False,False,0.0041923828125,1.0
spot8,8,0,False,False,0.24269941406249995,1.0
spot9,9,0,False,False,0.04591083984374996,1.0
spot10,10,0,False,False,0.38148261718749993,0.8888888888888888
spot11,11,0,False,True,0.537048828125,0.41975308641975306
spot12,12,0,False,False,0.189484375,0.3950617283950617
spot13,13,0,False,False,0.2294953125,0.41975308641975306
spot14,14,0,False,True,0.59507421875,0.48148148148148145
spot15,15,0,False,False,0.073583984375,0.5185185185185185
spot16,16,0,False,False,0.41000625,0.48148148148148145
spot17,17,0,False,False,0.20247187500000002,0.7777777777777778
spot18,18,0,False,False,0.05629658203124998,1.0
spot19,19,0,False,False,0.3832119140625,0.8888888888888888
spot20,20,0,False,False,0.016018066406250017,1.0
spot21,21,0,False,False,0.21393046875,0.35802469135802467
spot22,22,0,False,False,0.285078125,0.4074074074074074
spot23,23,0,False,False,0.09028671875,0.7407407407407407
spot24,24,0,False,True,0.408425,0.08641975308641975
spot25,25,0,False,False,0.24073964843749995,0.48148148148148145
spot26,26,0,False,False,0.04226513671874999,1.0
spot27,27,0,False,False,0.23657958984375002,1.0
spot28,28,0,False,True,0.5161444335937501,0.2962962962962963
spot29,29,0,False,False,0.3805689453125,0.19753086419753085
spot30,30,0,False,False,0.0719126953125,1.0
spot31,31,0,False,False,0.026833203125000017,1.0
spot32,32,0,False,False,0.10341064453125001,0.7777777777777778
spot33,33,0,False,False,0.450801953125,0.7037037037037037
spot34,34,0,False,True,0.593994140625,0.6666666666666666
spot35,35,0,False,True,0.6433638671875,0.8518518518518519
spot36,36,0,False,False,0.24729003906249997,0.4444444444444444
spot37,37,0,False,False,0.18132392578124998,0.7407407407407407
spot38,38,0,False,False,0.4054681640625,0.2222222222222222
spot39,39,0,False,False,0.007470703125,0.9259259259259259
spot40,0,1,False,False,0.1871287109375,0.37037037037037035
spot41,1,1,False,False,0.00036328125000000005,0.8518518518518519
spot42,2,1,False,False,0.012333984374999999,0.8888888888888888
spot43,3,1,False,False,0.18170673828125,0.7037037037037037
spot44,4,1,False,False,0.2883890625,0.49382716049382713
spot45,5,1,False,False,0.3447615234375,0.41975308641975306
spot46,6,1,False,False,0.12714960937499997,1.0
spot47,7,1,False,False,0.08943554687500001,0.9259259259259259
spot48,8,1,False,False,0.018707812500000004,0.8888888888888888
spot49,9,1,False,False,0.11306289062500002,1.0
spot50,10,1,False,False,0.040608007812500006,0.8888888888888888
spot51,11,1,False,False,0.20221142578124995,0.7037037037037037
spot52,12,1,False,False,0.5489906250000001,0.8518518518518519
spot53,13,1,False,False,0.08905449218749999,0.8148148148148148
spot54,14,1,False,False,0.26137568359374996,0.7777777777777778
spot55,15,1,False,False,0.026296874999999997,0.8148148148148148
spot56,16,1,False,False,0.24999374999999996,0.6666666666666666
spot57,17,1,False,False,0.12194677734375,1.0
spot58,18,1,False,False,0.04321484375,0.16049382716049382
spot59,19,1,False,False,0.149848828125,1.0
spot60,20,1,False,False,0.16843232421874998,1.0
spot61,21,1,False,False,0.31924921875,0.3333333333333333
spot62,22,1,False,False,0.33164853515625,0.48148148148148145
spot63,23,1,False,False,0.0366767578125,0.6296296296296297
spot64,24,1,False,False,0.1099587890625,0.8148148148148148
spot65,25,1,False,False,0.2580287109375,0.3333333333333333
spot66,26,1,False,False,0.09546386718750002,1.0
spot67,27,1,False,False,0.06516503906249997,1.0
spot68,28,1,False,False,0.202463671875,1.0
spot69,29,1,False,False,0.04692539062500003,1.0
spot70,30,1,False,False,0.023369531249999995,1.0
spot71,31,1,False,False,0.0007503906250000001,0.2222222222222222
spot72,32,1,False,False,0.09176806640625,1.0
spot73,33,1,False,True,0.43201044921875004,0.19753086419753085
spot74,34,1,False,False,0.0549671875,0.7777777777777778
spot75,35,1,False,False,0.06456328125,0.5185185185185185
spot76,36,1,False,True,0.49407421874999996,0.5185185185185185
spot77,37,1,False,False,0.092485546875,0.7037037037037037
spot78,38,1,False,False,0.19201533203124999,0.6296296296296297
spot79,39,1,False,False,0.394674609375,0.9629629629629629
spot80,0,2,False,False,0.1052734375,1.0
spot81,1,2,False,False,0.23834472656250003,0.9629629629629629
spot82,2,2,False,False,0.30493203125,0.8888888888888888
spot83,3,2,False,False,0.14077890625,0.14814814814814814
spot84,4,2,False,False,0.46396855468750003,0.37037037037037035
spot85,5,2,False,False,0.037265625,0.6296296296296297
spot86,6,2,False,True,0.71329765625,0.37037037037037035
spot87,7,2,False,False,0.17660576171875003,0.7037037037037037
spot88,8,2,False,False,0.37928593750000006,0.30864197530864196
spot89,9,2,False,False,0.14544453125,0.7777777777777778
spot90,10,2,False,False,0.0107421875,0.3333333333333333
spot91,11,2,False,False,0.11647441406249998,1.0
spot92,12,2,False,False,0.17735156249999998,1.0
spot93,13,2,False,False,0.11728417968749999,1.0
spot94,14,2,False,False,0.31270654296875,1.0
spot95,15,2,False,False,0.3680107421875,0.8888888888888888
spot96,16,2,False,False,0.270024609375,1.0
spot97,17,2,False,False,0.15754306640625002,0.5555555555555556
spot98,18,2,False,False,0.07517871093749999,0.8518518518518519
spot99,19,2,False,False,0.41245332031250004,0.2222222222222222
spot100,20,2,False,False,0.0005449218749999993,1.0
spot101,21,2,False,False,0.04610654296875,0.7037037037037037
spot102,22,2,False,False,0.44719628906250003,1.0
spot103,23,2,False,False,0.06987324218749999,1.0
spot104,24,2,False,False,0.0432072265625,0.3333333333333333
spot105,25,2,False,False,0.002758007812499996,0.9629629629629629
spot106,26,2,False,False,0.012938964843750006,1.0
spot107,27,2,False,True,0.5614962890624999,0.2222222222222222
spot108,28,2,False,False,0.05908554687500001,0.7777777777777778
spot109,29,2,False,False,0.16661914062500002,0.8518518518518519
spot110,30,2,False,False,0.26267656250000004,0.7777777777777778
spot111,31,2,False,False,0.02194511718750003,0.7777777777777778
spot112,32,2,False,True,0.423263671875,0.12345679012345678
spot113,33,2,False,False,0.06086777343749998,1.0
spot114,34,2,False,False,0.07907812500000001,0.8888888888888888
spot115,35,2,False,False,0.28736093749999997,0.9259259259259259
spot116,36,2,False,False,0.06500888671875,0.5925925925925926
spot117,37,2,False,True,0.39990771484375,0.32098765432098764
spot118,38,2,False,False,0.31416064453125003,0.24691358024691357
spot119,39,2,False,False,0.012871679687499997,1.0
spot120,0,3,False,False,0.11436152343749997,1.0
spot121,1,3,False,False,0.037926171875,1.0
spot122,2,3,False,False,0.0022822265624999785,1.0
spot123,3,3,False,False,0.163457421875,1.0
spot124,4,3,False,False,0.09219404296874999,1.0
spot125,5,3,False,False,0.34971357421874993,1.0
spot126,6,3,False,False,0.26891210937500004,0.3333333333333333
spot127,7,3,False,False,0.024215624999999994,1.0
spot128,8,3,False,False,0.26296347656249996,0.3333333333333333
spot129,9,3,False,False,0.006204687500000012,1.0
spot130,10,3,False,False,0.01200625,0.8888888888888888
spot131,11,3,False,False,0.258319140625,1.0
spot132,12,3,False,False,0.0008203125000000033,1.0
spot133,13,3,False,False,0.009866406250000006,1.0
spot134,14,3,False,False,0.174521484375,0.2222222222222222
spot135,15,3,False,False,0.029520703124999995,1.0
spot136,16,3,False,False,0.25575117187499996,0.6666666666666666
spot137,17,3,False,False,0.05549140625,0.6666666666666666
spot138,18,3,False,False,0.2799859375,0.7901234567901234
spot139,19,3,False,True,0.4378245117187501,0.38271604938271603
spot140,20,3,False,False,0.37016191406250004,0.3333333333333333
spot141,21,3,False,False,0.05719570312499999,0.9259259259259259
spot142,22,3,False,True,0.65687841796875,0.48148148148148145
spot143,23,3,False,False,0.004484765625000003,0.48148148148148145
spot144,24,3,False,True,0.3952001953125,0.13580246913580246
spot145,25,3,False,True,0.45266689453125003,0.19753086419753085
spot146,26,3,False,False,0.11944843749999999,1.0
spot147,27,3,False,False,0.22396640624999997,0.4444444444444444
spot148,28,3,False,False,0.014578710937499998,0.48148148148148145
spot149,29,3,False,False,0.2316150390625,0.2222222222222222
spot150,30,3,False,False,0.050238281249999996,0.7777777777777778
spot151,31,3,False,False,0.45410781249999993,0.2962962962962963
spot152,32,3,False,False,0.24861103515625,0.8888888888888888
spot153,33,3,False,False,0.031063183593749995,1.0
spot154,34,3,False,False,0.03332812500000001,1.0
spot155,35,3,False,True,0.50780029296875,0.2222222222222222
spot156,36,3,False,False,0.25296630859375,0.6296296296296297
spot157,37,3,False,False,0.23844375,0.6296296296296297
spot158,38,3,False,False,0.34793886718750006,0.5555555555555556
spot159,39,3,False,False,0.35542431640625,0.16049382716049382
spot160,0,4,False,False,0.047202734375,0.8148148148148148
spot161,1,4,False,False,0.0006322265625000001,1.0
spot162,2,4,False,False,0.07851484375,1.0
spot163,3,4,False,False,0.024079199218750017,1.0
spot164,4,4,False,False,0.006316406250000001,0.25925925925925924
spot165,5,4,False,False,0.18323476562500002,1.0
spot166,6,4,False,False,0.010647656249999998,1.0
spot167,7,4,False,False,0.00455996093749999,1.0
spot168,8,4,False,False,0.02854345703124999,1.0
spot169,9,4,False,False,0.240926953125,1.0
spot170,10,4,False,False,0.28683183593750006,0.8888888888888888
spot171,11,4,False,False,0.04436484375,0.9259259259259259
spot172,12,4,False,False,0.4986064453125,0.2962962962962963
spot173,13,4,False,False,0.10992578125000003,1.0
spot174,14,4,False,True,0.51314453125,0.25925925925925924
spot175,15,4,False,False,0.045464062500000006,0.6296296296296297
spot176,16,4,False,False,0.31720810546875,0.3333333333333333
spot177,17,4,False,False,0.26690625,0.6419753086419753
spot178,18,4,False,False,0.396886328125,0.4444444444444444
spot179,19,4,False,False,0.209228125,0.25925925925925924
spot180,20,4,False,False,0.06374414062500001,0.9259259259259259
spot181,21,4,False,False,0.09567949218749999,1.0
spot182,22,4,False,True,0.60887216796875,0.4074074074074074
spot183,23,4,False,True,0.514515625,0.5185185185185185
spot184,24,4,False,True,0.43745820312500006,0.7283950617283951
spot185,25,4,False,True,0.6197748046875,0.7160493827160493
spot186,26,4,False,False,0.2548875,0.6666666666666666
spot187,27,4,False,False,0.012065625000000002,0.43209876543209874
spot188,28,4,False,False,0.404843359375,0.6666666666666666
spot189,29,4,False,True,0.572943359375,0.2222222222222222
spot190,30,4,False,False,0.042094726562500004,0.3333333333333333
spot191,31,4,False,True,0.5472539062499999,0.7777777777777778
spot192,32,4,False,False,0.37917626953124994,0.48148148148148145
spot193,33,4,False,True,0.55241982421875,0.25925925925925924
spot194,34,4,False,False,0.1646103515625,1.0
spot195,35,4,False,False,0.07481503906249999,1.0
spot196,36,4,False,False,0.04972890625000001,0.7777777777777778
spot197,37,4,False,False,0.07617851562499998,0.5555555555555556
spot198,38,4,False,False,0.26876279296875,0.5185185185185185
spot199,39,4,False,False,0.03965820312500001,0.5555555555555556
spot200,0,5,False,False,0.07122734375,1.0
spot201,1,5,False,False,0.1271080078125,1.0
spot202,2,5,False,False,0.17429296875000003,1.0
spot203,3,5,False,False,0.08367519531249999,1.0
spot204,4,5,False,False,0.09831718750000001,0.8888888888888888
spot205,5,5,False,False,0.022894335937500006,1.0
spot206,6,5,False,False,0.10511367187500001,1.0
spot207,7,5,False,False,0.077019140625,1.0
spot208,8,5,False,False,0.0007957031250000005,1.0
spot209,9,5,False,False,0.20986318359374997,0.2962962962962963
spot210,10,5,False,False,0.30105878906250005,0.7777777777777778
spot211,11,5,False,True,0.4873103515625001,0.25925925925925924
spot212,12,5,False,False,0.008217773437500003,0.9629629629629629
spot213,13,5,False,False,0.0437576171875,1.0
spot214,14,5,False,False,0.12573984375000002,1.0
spot215,15,5,False,False,0.277146875,0.7777777777777778
spot216,16,5,False,False,0.36282783203125,0.4074074074074074
spot217,17,5,False,False,0.1483216796875,0.5555555555555556
spot218,18,5,False,False,0.1909833984375,0.48148148148148145
spot219,19,5,False,False,0.0036421874999999996,0.2222222222222222
spot220,20,5,False,False,0.07231640625000002,1.0
spot221,21,5,False,False,0.024673730468749995,1.0
spot222,22,5,False,False,0.06593125000000001,1.0
spot223,23,5,False,False,0.06646142578125001,0.5555555555555556
spot224,24,5,False,True,0.5420666015625,0.3333333333333333
spot225,25,5,False,False,0.263342578125,0.4074074074074074
spot226,26,5,False,False,0.044130761718750015,0.9259259259259259
spot227,27,5,False,True,0.379591796875,0.32098765432098764
spot228,28,5,False,False,0.0012246093749999968,0.5925925925925926
spot229,29,5,False,False,0.48573574218749993,0.5185185185185185
spot230,30,5,False,False,0.4128291015625,0.7407407407407407
spot231,31,5,False,False,0.377623828125,0.7407407407407407
spot232,32,5,False,True,0.5569068359375,0.3333333333333333
spot233,33,5,False,False,0.19739541015624998,1.0
spot234,34,5,False,False,0.06858017578125002,1.0
spot235,35,5,False,False,0.18498046875,1.0
spot236,36,5,False,False,0.20287509765625,1.0
spot237,37,5,False,False,0.30647753906249997,0.37037037037037035
spot238,38,5,False,False,0.35188085937499997,0.3333333333333333
spot239,39,5,False,True,0.546605859375,0.5555555555555556
spot240,0,6,False,False,0.0485146484375,1.0
spot241,1,6,False,False,0.3270966796875,0.8888888888888888
spot242,2,6,False,False,0.117017578125,1.0
spot243,3,6,False,False,0.36609345703124996,0.8148148148148148
spot244,4,6,False,False,0.057517187500000004,0.6296296296296297
spot245,5,6,False,False,0.33866894531249997,0.3333333333333333
spot246,6,6,False,False,0.1667736328125,0.9259259259259259
spot247,7,6,False,True,0.5579765625,0.2222222222222222
spot248,8,6,False,False,0.261322265625,1.0
spot249,9,6,False,False,0.163681640625,1.0
spot250,10,6,False,False,0.009503320312499999,0.5555555555555556
spot251,11,6,False,False,0.13667636718749998,0.9629629629629629
spot252,12,6,False,False,0.31157431640625,0.8888888888888888
spot253,13,6,False,False,0.24155947265625,0.8888888888888888
spot254,14,6,False,False,0.28886425781249997,0.9629629629629629
spot255,15,6,False,False,0.45314765625,0.2345679012345679
spot256,16,6,False,False,0.2703890625,0.4444444444444444
spot257,17,6,False,True,0.51466552734375,0.30864197530864196
spot258,18,6,False,False,0.31048554687499996,0.8888888888888888
spot259,19,6,False,False,0.024388085937500015,0.8888888888888888
spot260,20,6,False,False,0.29078125,0.9629629629629629
spot261,21,6,False,False,0.11060234374999998,1.0
spot262,22,6,False,False,0.014790234375000018,1.0
spot263,23,6,False,False,0.0415185546875,0.8148148148148148
spot264,24,6,False,False,0.36453701171875,0.7777777777777778
spot265,25,6,False,False,0.0291703125,0.3333333333333333
spot266,26,6,False,False,0.35953124999999997,0.6666666666666666
spot267,27,6,False,False,0.17738593749999995,0.8888888888888888
spot268,28,6,False,False,0.2123078125,1.0
spot269,29,6,False,False,0.019296875,0.4074074074074074
spot270,30,6,False,False,0.1537236328125,0.6296296296296297
spot271,31,6,False,False,0.03905273437499999,0.8148148148148148
spot272,32,6,False,False,0.39104150390625,0.07407407407407407
spot273,33,6,False,False,0.5113068359375,0.8148148148148148
spot274,34,6,False,False,0.20586972656249997,1.0
spot275,35,6,False,False,0.04444140625000001,1.0
spot276,36,6,False,False,0.06789931640625,1.0
spot277,37,6,False,True,0.454359375,0.24691358024691357
spot278,38,6,False,True,0.5821125,0.2222222222222222
spot279,39,6,False,False,0.056448046875000005,0.2222222222222222
spot280,0,7,False,False,0.05035468750000001,0.7037037037037037
spot281,1,7,False,False,0.045091406249999993,0.6666666666666666
spot282,2,7,False,False,0.0456298828125,0.7777777777777778
spot283,3,7,False,False,0.10006201171875,0.5185185185185185
spot284,4,7,False,False,0.03796845703124999,0.4074074074074074
spot285,5,7,False,False,0.178995703125,0.5555555555555556
spot286,6,7,False,True,0.58285546875,0.4074074074074074
spot287,7,7,False,False,0.00017656249999999622,0.8148148148148148
spot288,8,7,False,False,0.07873671875,0.2222222222222222
spot289,9,7,False,False,0.06118808593749999,0.5802469135802469
spot290,10,7,False,False,0.50702734375,0.6296296296296297
spot291,11,7,False,True,0.5205026367187501,0.5679012345679012
spot292,12,7,False,False,0.13636552734375,1.0
spot293,13,7,False,False,0.006129296874999995,1.0
spot294,14,7,False,False,0.13985869140624999,1.0
spot295,15,7,False,False,0.42827636718750006,0.6666666666666666
spot296,16,7,False,False,0.36963369140625,0.32098765432098764
spot297,17,7,False,False,0.00668847656249999,1.0
spot298,18,7,False,True,0.48231455078124996,0.1111111111111111
spot299,19,7,False,False,0.27809208984374995,0.5925925925925926
spot300,20,7,False,False,0.11129921875000001,1.0
spot301,21,7,False,False,0.013295019531249999,1.0
spot302,22,7,False,False,0.25914257812499997,1.0
spot303,23,7,False,False,0.052720312500000005,0.9259259259259259
spot304,24,7,False,True,0.6397125,0.4444444444444444
spot305,25,7,False,False,0.46110839843749996,0.6296296296296297
spot306,26,7,False,False,0.08683007812499999,1.0
spot307,27,7,False,False,0.477649609375,0.3333333333333333
spot308,28,7,False,True,0.551322265625,0.14814814814814814
spot309,29,7,False,False,0.020422265624999998,1.0
spot310,30,7,False,False,0.3443396484375,1.0
spot311,31,7,False,False,0.2394404296875,0.3950617283950617
spot312,32,7,False,False,0.0442265625,0.7037037037037037
spot313,33,7,False,False,0.17250390625,1.0
spot314,34,7,False,False,0.26595966796875,1.0
spot315,35,7,False,False,0.38694003906249996,0.8888888888888888
spot316,36,7,False,False,0.036815625,1.0
spot317,37,7,False,False,0.11044921875000001,0.2222222222222222
spot318,38,7,False,False,0.063436328125,0.7777777777777778
spot319,39,7,False,False,0.007324999999999999,0.3333333333333333
spot320,0,8,False,False,0.3398625,0.3333333333333333
spot321,1,8,False,True,0.5237173828125,0.2222222222222222
spot322,2,8,False,True,0.46132031250000005,0.2839506172839506
spot323,3,8,False,False,0.14220000000000002,0.5308641975308642
spot324,4,8,False,False,0.2546380859375,0.2222222222222222
spot325,5,8,False,True,0.641484375,0.8765432098765432
spot326,6,8,False,False,0.12683193359375,0.7777777777777778
spot327,7,8,False,False,0.22383349609375003,1.0
spot328,8,8,False,False,0.115461328125,0.37037037037037035
spot329,9,8,False,False,0.18104941406250002,0.5185185185185185
spot330,10,8,False,False,0.1265916015625,0.5555555555555556
spot331,11,8,False,False,0.22920283203125,0.19753086419753085
spot332,12,8,False,False,0.3772876953125,0.2962962962962963
spot333,13,8,False,True,0.5212857421875,0.2222222222222222
spot334,14,8,False,False,0.34166035156249996,0.8888888888888888
spot335,15,8,False,False,0.01922314453125,0.6666666666666666
spot336,16,8,False,False,0.24922265624999998,1.0
spot337,17,8,False,False,0.007876171874999994,1.0
spot338,18,8,False,False,0.1527861328125,0.2962962962962963
spot339,19,8,False,False,0.06945117187500001,0.6666666666666666
spot340,20,8,False,False,0.1437109375,1.0
spot341,21,8,False,False,0.15972265624999998,1.0
spot342,22,8,False,False,0.29338095703125,1.0
spot343,23,8,False,True,0.5330955078125,0.3333333333333333
spot344,24,8,False,False,0.20308906250000003,0.3333333333333333
spot345,25,8,False,False,0.10730000000000002,1.0
spot346,26,8,False,False,0.1651267578125,0.7037037037037037
spot347,27,8,False,False,0.040218554687499984,0.3333333333333333
spot348,28,8,False,False,0.402225,0.9259259259259259
spot349,29,8,False,False,0.167351953125,0.2222222222222222
spot350,30,8,False,True,0.50248359375,0.2962962962962963
spot351,31,8,False,False,0.36336328125,1.0
spot352,32,8,False,False,0.27871142578125,0.5185185185185185
spot353,33,8,False,False,0.24077070312499999,1.0
spot354,34,8,False,False,0.12246093750000002,1.0
spot355,35,8,False,False,0.09515624999999998,1.0
spot356,36,8,False,False,0.171094921875,1.0
spot357,37,8,False,False,0.062401367187500015,0.8888888888888888
spot358,38,8,False,False,0.13014843750000002,0.5185185185185185
spot359,39,8,False,False,0.28461162109375,1.0
spot360,0,9,False,False,0.059626171875,0.5185185185185185
spot361,1,9,False,False,0.385829296875,0.8395061728395061
spot362,2,9,False,False,0.10400625000000001,0.48148148148148145
spot363,3,9,False,False,0.31316289062499997,0.32098765432098764
spot364,4,9,False,False,0.10695234374999998,0.4074074074074074
spot365,5,9,False,False,0.22605878906250002,0.2716049382716049
spot366,6,9,False,False,0.11114355468749999,0.8148148148148148
spot367,7,9,False,False,0.24817089843749998,1.0
spot368,8,9,False,True,0.5594552734375,0.3333333333333333
spot369,9,9,False,False,0.007952343749999998,0.6666666666666666
spot370,10,9,False,False,0.053811035156249985,0.5925925925925926
spot371,11,9,False,False,0.3090353515625,0.2962962962962963
spot372,12,9,False,True,0.6885125,0.48148148148148145
spot373,13,9,False,False,0.19842187500000003,0.9629629629629629
spot374,14,9,False,False,0.01904765625,0.3333333333333333
spot375,15,9,False,False,0.06260351562500001,0.5432098765432098
spot376,16,9,False,False,0.0430259765625,1.0
spot377,17,9,False,False,0.032965624999999985,1.0
spot378,18,9,False,False,0.45425292968750003,0.8518518518518519
spot379,19,9,False,False,0.17437304687500002,0.8148148148148148
spot380,20,9,False,False,0.033875976562499986,0.9259259259259259
spot381,21,9,False,False,0.030881250000000002,1.0
spot382,22,9,False,False,0.26669951171875006,0.6666666666666666
spot383,23,9,False,False,0.2965896484375,0.5061728395061729
spot384,24,9,False,False,0.041332226562500005,0.8888888888888888
spot385,25,9,False,False,0.0630015625,0.6666666666666666
spot386,26,9,False,False,0.13411259765625003,0.37037037037037035
spot387,27,9,False,True,0.5291707031249999,0.25925925925925924
spot388,28,9,False,False,0.40552470703125004,0.6419753086419753
spot389,29,9,False,False,0.0717814453125,0.3333333333333333
spot390,30,9,False,False,0.23551875000000003,1.0
spot391,31,9,False,True,0.391978125,0.06172839506172839
spot392,32,9,False,False,0.14745156250000002,0.48148148148148145
spot393,33,9,False,False,0.0781306640625,1.0
spot394,34,9,False,False,0.26036103515625003,0.8518518518518519
spot395,35,9,False,False,0.21785908203124998,0.7037037037037037
spot396,36,9,False,True,0.48023876953125,0.2222222222222222
spot397,37,9,False,False,0.2969103515625,0.8888888888888888
spot398,38,9,False,False,0.24983085937499996,0.9259259259259259
spot399,39,9,False,False,0.07723671874999999,0.6666666666666666
spot400,0,10,False,False,0.32220703125,0.2962962962962963
spot401,1,10,False,False,0.08300273437499998,0.9629629629629629
spot402,2,10,False,False,0.17969707031249996,1.0
spot403,3,10,False,False,0.13535693359375,0.3333333333333333
spot404,4,10,False,False,0.3677888671875,0.9259259259259259
spot405,5,10,False,False,0.07882714843750001,0.3333333333333333
spot406,6,10,False,False,0.10758544921875,0.2962962962962963
spot407,7,10,False,False,0.008473046875000001,0.9259259259259259
spot408,8,10,False,False,0.0426439453125,0.5925925925925926
spot409,9,10,False,False,0.4013164062499999,0.3333333333333333
spot410,10,10,False,False,0.05324921875,0.9259259259259259
spot411,11,10,False,False,0.30286494140625,0.4444444444444444
spot412,12,10,False,False,0.024812695312500035,0.7777777777777778
spot413,13,10,False,True,0.4357974609375,0.4567901234567901
spot414,14,10,False,True,0.5513976562499999,0.6419753086419753
spot415,15,10,False,True,0.6788056640625001,0.3333333333333333
spot416,16,10,False,False,0.30206025390624996,0.8888888888888888
spot417,17,10,False,False,0.36609345703124996,0.8518518518518519
spot418,18,10,False,False,0.39938955078125,0.8888888888888888
spot419,19,10,False,False,0.2806826171875,0.48148148148148145
spot420,20,10,False,False,0.16878076171874998,0.9259259259259259
spot421,21,10,False,False,0.32282500000000003,0.2962962962962963
spot422,22,10,False,False,0.154071875,0.37037037037037035
spot423,23,10,False,False,0.03717246093750001,0.8888888888888888
spot424,24,10,False,False,0.005884375000000002,1.0
spot425,25,10,False,False,0.04441113281249998,0.8888888888888888
spot426,26,10,False,False,0.16278515625,0.9259259259259259
spot427,27,10,False,False,0.19141103515625002,0.5185185185185185
spot428,28,10,False,True,0.518095703125,0.25925925925925924
spot429,29,10,False,False,0.0207376953125,0.4444444444444444
spot430,30,10,False,False,0.031084374999999994,0.5555555555555556
spot431,31,10,False,False,0.0565546875,0.8148148148148148
spot432,32,10,False,False,0.006975,1.0
spot433,33,10,False,False,0.04067578125,0.2962962962962963
spot434,34,10,False,False,0.23838867187500004,0.3333333333333333
spot435,35,10,False,False,0.40431015625,0.6666666666666666
spot436,36,10,False,True,0.47311171874999997,0.8271604938271605
spot437,37,10,False,False,0.038126953125000015,1.0
spot438,38,10,False,False,0.081599609375,0.2222222222222222
spot439,39,10,False,False,0.24501357421875,0.3333333333333333
spot440,0,11,False,False,0.05557578125000001,1.0
spot441,1,11,False,False,0.02861718750000001,1.0
spot442,2,11,False,False,0.0649560546875,1.0
spot443,3,11,False,False,0.008026562500000023,1.0
spot444,4,11,False,False,0.1380421875,0.654320987654321
spot445,5,11,False,True,0.5514679687499999,0.14814814814814814
spot446,6,11,False,False,0.1303216796875,0.7777777777777778
spot447,7,11,False,False,0.022092382812500016,0.4074074074074074
spot448,8,11,False,False,0.047380859375,0.5925925925925926
spot449,9,11,False,False,0.14454687500000002,0.14814814814814814
spot450,10,11,False,False,0.119063671875,0.9259259259259259
spot451,11,11,False,True,0.45525585937499996,0.12345679012345678
spot452,12,11,False,False,0.03507626953125002,0.8888888888888888
spot453,13,11,False,False,0.30092167968749994,0.6666666666666666
spot454,14,11,False,False,0.2967056640625,0.6666666666666666
spot455,15,11,False,False,0.2843248046875,0.6296296296296297
spot456,16,11,False,False,0.015259960937499992,0.7407407407407407
spot457,17,11,False,False,0.13681640625,1.0
spot458,18,11,False,False,0.2332265625,0.4074074074074074
spot459,19,11,False,False,0.04902499999999997,0.5925925925925926
spot460,20,11,False,False,0.06864609375000001,0.6790123456790124
spot461,21,11,False,False,0.22658056640624996,0.4444444444444444
spot462,22,11,False,False,0.11265820312500002,0.8888888888888888
spot463,23,11,False,False,0.12513671875,0.2222222222222222
spot464,24,11,False,False,0.007776171874999997,1.0
spot465,25,11,False,False,0.28300605468749995,0.3333333333333333
spot466,26,11,False,False,0.04956230468749998,0.4444444444444444
spot467,27,11,False,False,0.0113828125,0.2222222222222222
spot468,28,11,False,False,0.036625,0.8148148148148148
spot469,29,11,False,False,0.42083671875,0.3333333333333333
spot470,30,11,False,False,0.32063203125,0.4074074074074074
spot471,31,11,False,False,0.06471796875000004,0.8888888888888888
spot472,32,11,False,False,0.029342578124999998,0.7777777777777778
spot473,33,11,False,False,0.42907275390624994,0.4074074074074074
spot474,34,11,False,False,0.259171484375,1.0
spot475,35,11,False,False,0.08537109375,0.5925925925925926
spot476,36,11,False,True,0.6080660156250001,0.8148148148148148
spot477,37,11,False,False,0.007715625000000007,1.0
spot478,38,11,False,False,0.35291308593750004,1.0
spot479,39,11,False,False,0.13578046875000002,1.0
spot480,0,12,False,False,0.021427734374999997,1.0
spot481,1,12,False,False,0.3972138671875,0.25925925925925924
spot482,2,12,False,False,0.023715234374999998,0.8888888888888888
spot483,3,12,False,False,0.22857656250000002,0.4444444444444444
spot484,4,12,False,False,0.045332031249999995,0.7777777777777778
spot485,5,12,False,False,0.07175625000000001,0.8888888888888888
spot486,6,12,False,False,0.33882861328124997,0.3333333333333333
spot487,7,12,False,False,0.22408007812499997,0.5925925925925926
spot488,8,12,False,False,0.48665624999999996,0.6666666666666666
spot489,9,12,False,False,0.48718212890625,0.8518518518518519
spot490,10,12,False,True,0.53325625,0.2962962962962963
spot491,11,12,False,False,0.06055273437500001,0.3333333333333333
spot492,12,12,False,False,0.11576660156249999,1.0
spot493,13,12,False,False,0.09252890625,0.2962962962962963
spot494,14,12,False,False,0.17890761718749998,1.0
spot495,15,12,False,False,0.015862792968749997,0.8888888888888888
spot496,16,12,False,False,0.25009189453124997,1.0
spot497,17,12,False,False,0.08645625000000001,1.0
spot498,18,12,False,False,0.1320779296875,1.0
spot499,19,12,False,True,0.4964818359375,0.2222222222222222
spot500,20,12,False,False,0.1364453125,0.7407407407407407
spot501,21,12,False,False,0.2944552734375,0.8888888888888888
spot502,22,12,False,False,0.1358765625,0.6296296296296297
spot503,23,12,False,True,0.6800330078125,0.3333333333333333
spot504,24,12,False,False,0.42627041015624995,0.8888888888888888
spot505,25,12,False,False,0.24475,1.0
spot506,26,12,False,False,0.05523095703125001,0.5555555555555556
spot507,27,12,False,False,0.17471464843749995,0.6296296296296297
spot508,28,12,False,False,0.0251671875,0.7777777777777778
spot509,29,12,False,False,0.22532607421874998,0.3333333333333333
spot510,30,12,False,False,0.47702695312500004,0.2716049382716049
spot511,31,12,False,True,0.56682158203125,0.2222222222222222
spot512,32,12,False,False,0.1497125,1.0
spot513,33,12,False,False,0.3681318359375,0.18518518518518517
spot514,34,12,False,False,0.147548046875,1.0
spot515,35,12,False,True,0.53809814453125,0.2345679012345679
spot516,36,12,False,True,0.5335830078125,0.7777777777777778
spot517,37,12,False,False,0.03957343749999999,1.0
spot518,38,12,False,False,0.04214531250000004,1.0
spot519,39,12,False,False,0.018582812500000014,1.0
spot520,0,13,False,False,0.014360937500000002,1.0
spot521,1,13,False,False,0.19029873046875,0.8148148148148148
spot522,2,13,False,True,0.69911181640625,0.30864197530864196
spot523,3,13,False,False,0.02185634765624998,0.7407407407407407
spot524,4,13,False,False,0.04335859375,0.6666666666666666
spot525,5,13,False,False,0.0930419921875,0.7283950617283951
spot526,6,13,False,False,0.10570605468750001,0.4444444444444444
spot527,7,13,False,False,0.0675076171875,1.0
spot528,8,13,False,False,0.0532041015625,1.0
spot529,9,13,False,False,0.1429125,0.18518518518518517
spot530,10,13,False,False,0.3063169921875,0.8148148148148148
spot531,11,13,False,False,0.12443203124999999,0.9259259259259259
spot532,12,13,False,False,0.1404498046875,1.0
spot533,13,13,False,False,0.05279550781250001,0.8888888888888888
spot534,14,13,False,False,0.08089453125000004,0.7407407407407407
spot535,15,13,False,False,0.1313662109375,0.8888888888888888
spot536,16,13,False,False,0.42530947265624997,0.2962962962962963
spot537,17,13,False,False,0.031175585937500003,1.0
spot538,18,13,False,False,0.005569921875000002,0.8888888888888888
spot539,19,13,False,False,0.1604044921875,1.0
spot540,20,13,False,False,0.0596826171875,0.5555555555555556
spot541,21,13,False,False,0.2120193359375,0.2222222222222222
spot542,22,13,False,False,0.00139306640625,0.9259259259259259
spot543,23,13,False,False,0.014808593750000001,0.9629629629629629
spot544,24,13,False,False,0.025506445312499994,0.8148148148148148
spot545,25,13,False,False,0.23065234374999996,0.3333333333333333
spot546,26,13,False,False,0.4448234375,0.6296296296296297
spot547,27,13,False,False,0.029363183593750005,0.8518518518518519
spot548,28,13,False,False,0.051455078125,0.7777777777777778
spot549,29,13,False,False,0.22509765625000003,0.3333333333333333
spot550,30,13,False,False,0.12917519531249996,0.7777777777777778
spot551,31,13,False,False,0.00495195312500002,1.0
spot552,32,13,False,False,0.15185039062500003,1.0
spot553,33,13,False,False,0.045289062500000025,1.0
spot554,34,13,False,False,0.01061328125,0.7777777777777778
spot555,35,13,False,False,0.25344677734375,0.2222222222222222
spot556,36,13,False,False,0.336599609375,0.35802469135802467
spot557,37,13,False,False,0.1166375,1.0
spot558,38,13,False,False,0.04904101562499998,1.0
spot559,39,13,False,False,0.0723251953125,0.2222222222222222
spot560,0,14,False,False,0.154275,0.2222222222222222
spot561,1,14,False,False,0.33786621093749997,0.8518518518518519
spot562,2,14,False,False,0.27493164062500003,0.2962962962962963
spot563,3,14,False,False,0.07915234374999998,0.9629629629629629
spot564,4,14,False,False,0.20091474609375,1.0
spot565,5,14,False,False,0.21882685546875,0.7777777777777778
spot566,6,14,False,True,0.5642861328125,0.2962962962962963
spot567,7,14,False,False,0.040728515624999954,1.0
spot568,8,14,False,False,0.004831054687500011,1.0
spot569,9,14,False,False,0.14056406250000003,1.0
spot570,10,14,False,False,0.304391796875,0.7777777777777778
spot571,11,14,False,False,0.26082861328125,0.3333333333333333
spot572,12,14,False,False,0.0792822265625,0.7037037037037037
spot573,13,14,False,False,0.016768554687500003,0.7037037037037037
spot574,14,14,False,False,0.3027888671875,0.3333333333333333
spot575,15,14,False,False,0.21797490234375,0.2222222222222222
spot576,16,14,False,False,0.050256250000000044,0.37037037037037035
spot577,17,14,False,False,0.17925390625,0.6666666666666666
spot578,18,14,False,False,0.16763769531249997,0.7777777777777778
spot579,19,14,False,False,0.033749999999999995,0.5555555555555556
spot580,20,14,False,False,0.15635166015625,0.8148148148148148
spot581,21,14,False,False,0.21418476562499997,1.0
spot582,22,14,False,False,0.002995312499999995,0.7777777777777778
spot583,23,14,False,False,0.05763720703124999,1.0
spot584,24,14,False,False,0.38853554687499997,0.4074074074074074
spot585,25,14,False,True,0.41866015624999997,0.41975308641975306
spot586,26,14,False,False,0.368476171875,0.8888888888888888
spot587,27,14,False,False,0.07074755859375,0.9259259259259259
spot588,28,14,False,False,0.0006562499999999999,1.0
spot589,29,14,False,False,0.16039374999999997,1.0
spot590,30,14,False,False,0.031001953125000002,0.3333333333333333
spot591,31,14,False,False,0.10069765624999998,1.0
spot592,32,14,False,False,0.020499999999999997,0.8888888888888888
spot593,33,14,False,False,0.22162792968750003,1.0
spot594,34,14,False,False,0.025155078125,1.0
spot595,35,14,False,False,0.34950937500000007,0.6296296296296297
spot596,36,14,False,False,0.40793789062499997,0.4444444444444444
spot597,37,14,False,True,0.39194394531249993,0.1728395061728395
spot598,38,14,False,False,0.140337890625,1.0
spot599,39,14,False,True,0.46813632812499995,0.14814814814814814
spot600,0,15,False,False,0.05982636718750001,1.0
spot601,1,15,False,False,0.191376171875,0.9629629629629629
spot602,2,15,False,False,0.32619023437500005,0.2222222222222222
spot603,3,15,False,False,0.11375507812499998,0.8518518518518519
spot604,4,15,False,False,0.017613671875000004,1.0
spot605,5,15,False,False,0.31228320312499996,1.0
spot606,6,15,False,True,0.43945546874999997,0.09876543209876543
spot607,7,15,False,False,0.02578886718749999,1.0
spot608,8,15,False,False,0.004466308593749958,1.0
spot609,9,15,False,False,0.061101269531249995,0.3333333333333333
spot610,10,15,False,False,0.03999375,0.6296296296296297
spot611,11,15,False,False,0.365705078125,0.3333333333333333
spot612,12,15,False,False,0.062164843750000025,0.3333333333333333
spot613,13,15,True,True,0.8299177734375001,1.0
spot614,14,15,True,True,0.8336234375,1.0
spot615,15,15,True,True,0.9061144531249999,1.0
spot616,16,15,False,False,0.11300351562499998,0.3333333333333333
spot617,17,15,False,False,0.43496083984375006,0.345679012345679
spot618,18,15,False,False,0.052623046875,0.6666666666666666
spot619,19,15,False,True,0.5980736328125,0.18518518518518517
spot620,20,15,False,False,0.007221484375,0.5432098765432098
spot621,21,15,False,False,0.312075,0.5925925925925926
spot622,22,15,False,True,0.6159849609375,0.43209876543209874
spot623,23,15,False,True,0.5462630859375,0.32098765432098764
spot624,24,15,False,False,0.09226874999999998,0.8148148148148148
spot625,25,15,False,False,0.35025146484374997,0.5432098765432098
spot626,26,15,False,False,0.06144531250000001,0.9629629629629629
spot627,27,15,False,False,0.016253906249999995,1.0
spot628,28,15,False,False,0.22529658203125,0.3333333333333333
spot629,29,15,False,False,0.022910839843749985,1.0
spot630,30,15,False,False,0.029779296874999996,1.0
spot631,31,15,False,False,0.05218281250000001,1.0
spot632,32,15,False,True,0.6656071289062501,0.3333333333333333
spot633,33,15,False,False,0.004971093749999968,1.0
spot634,34,15,False,False,0.24931132812499998,1.0
spot635,35,15,False,True,0.47265751953125,0.2962962962962963
spot636,36,15,False,False,0.284277734375,0.37037037037037035
spot637,37,15,False,False,0.26020703125,1.0
spot638,38,15,False,False,0.29027988281249995,1.0
spot639,39,15,False,False,0.08105839843749998,1.0
spot640,0,16,False,False,0.244125,1.0
spot641,1,16,False,False,0.08250087890624999,0.8518518518518519
spot642,2,16,False,False,0.2059287109375,0.3333333333333333
spot643,3,16,False,False,0.35094541015624997,0.9259259259259259
spot644,4,16,False,False,0.1021185546875,1.0
spot645,5,16,False,False,0.3138173828125,0.2222222222222222
spot646,6,16,False,False,0.035256640624999974,1.0
spot647,7,16,False,False,0.12414531250000002,1.0
spot648,8,16,False,False,0.07084335937499997,1.0
spot649,9,16,False,False,0.35027470703125,0.2222222222222222
spot650,10,16,False,False,0.010848632812499993,0.3333333333333333
spot651,11,16,True,True,0.9598447265625,1.0
spot652,12,16,True,True,0.9628240234375,1.0
spot653,13,16,True,True,0.8266376953125001,1.0
spot654,14,16,True,True,0.86364404296875,1.0
spot655,15,16,True,True,0.935391796875,1.0
spot656,16,16,True,True,0.8571536132812501,1.0
spot657,17,16,True,True,0.875654296875,1.0
spot658,18,16,False,False,0.33896953125,0.3333333333333333
spot659,19,16,False,False,0.47849589843750007,0.2222222222222222
spot660,20,16,False,False,0.04194287109375,0.6666666666666666
spot661,21,16,False,False,0.09384375,0.37037037037037035
spot662,22,16,False,False,0.216825,0.25925925925925924
spot663,23,16,False,False,0.1992267578125,0.5185185185185185
spot664,24,16,False,False,0.0065277343749999975,0.8518518518518519
spot665,25,16,False,False,0.05306640625000002,0.9629629629629629
spot666,26,16,False,False,0.38663720703125,0.25925925925925924
spot667,27,16,False,False,0.022611035156250004,0.8148148148148148
spot668,28,16,False,False,0.09666210937499996,1.0
spot669,29,16,False,False,0.34961103515625,0.18518518518518517
spot670,30,16,False,False,0.032477734375,1.0
spot671,31,16,False,False,0.0009023437500000006,1.0
spot672,32,16,False,False,0.031497558593750016,1.0
spot673,33,16,False,False,0.0025867187499999866,1.0
spot674,34,16,False,False,0.206344140625,0.3333333333333333
spot675,35,16,False,False,0.0032484375,0.9629629629629629
spot676,36,16,False,False,0.1567171875,1.0
spot677,37,16,False,False,0.11399375,0.8148148148148148
spot678,38,16,False,False,0.09788847656250003,0.9259259259259259
spot679,39,16,False,True,0.6731376953125001,0.3333333333333333
spot680,0,17,False,False,0.4028953125,0.8888888888888888
spot681,1,17,False,False,0.21468701171875001,0.8148148148148148
spot682,2,17,False,True,0.5329935546875,0.25925925925925924
spot683,3,17,False,False,0.15246210937500004,0.8148148148148148
spot684,4,17,False,False,0.037402148437500005,0.8518518518518519
spot685,5,17,False,True,0.47432460937500004,0.35802469135802467
spot686,6,17,False,False,0.10050078124999999,1.0
spot687,7,17,False,False,0.12588925781250002,0.9259259259259259
spot688,8,17,False,False,0.21669628906249996,0.3333333333333333
spot689,9,17,True,True,0.9204397460937499,1.0
spot690,10,17,True,True,0.96823798828125,1.0
spot691,11,17,True,True,0.96427578125,1.0
spot692,12,17,True,True,0.8739029296874999,1.0
spot693,13,17,True,True,0.9396791015625,1.0
spot694,14,17,True,True,0.8730972656249999,1.0
spot695,15,17,True,True,0.9040662109375001,1.0
spot696,16,17,True,True,0.840183984375,1.0
spot697,17,17,True,True,0.7854785156249999,1.0
spot698,18,17,True,True,0.81693701171875,1.0
spot699,19,17,True,True,0.8208246093749999,1.0
spot700,20,17,False,False,0.0740109375,0.4444444444444444
spot701,21,17,False,False,0.264753515625,0.5555555555555556
spot702,22,17,False,False,0.384333984375,0.7777777777777778
spot703,23,17,False,True,0.62100263671875,0.4444444444444444
spot704,24,17,False,False,0.006580664062500001,0.2222222222222222
spot705,25,17,False,False,0.03170097656249999,1.0
spot706,26,17,False,False,0.08197421875000001,1.0
spot707,27,17,False,False,0.33909775390625,0.12345679012345678
spot708,28,17,False,False,0.01041875000000001,1.0
spot709,29,17,False,False,0.3088421875,0.8148148148148148
spot710,30,17,False,False,0.15100390625,0.8518518518518519
spot711,31,17,False,False,0.27217675781249995,1.0
spot712,32,17,False,True,0.6251206054687501,0.2222222222222222
spot713,33,17,False,False,0.20801074218750001,0.9629629629629629
spot714,34,17,False,False,0.42850898437499996,0.8518518518518519
spot715,35,17,False,False,0.02908701171874997,0.8888888888888888
spot716,36,17,False,False,0.07479999999999999,1.0
spot717,37,17,False,False,0.019576171875,0.3333333333333333
spot718,38,17,False,False,0.09718544921874997,1.0
spot719,39,17,False,False,0.002271093750000001,1.0
spot720,0,18,False,False,0.0065531249999999895,1.0
spot721,1,18,False,False,0.25649326171875003,1.0
spot722,2,18,False,False,0.07169902343750002,1.0
spot723,3,18,False,False,0.2287197265625,0.9259259259259259
spot724,4,18,False,False,0.1279638671875,0.8148148148148148
spot725,5,18,False,False,0.36909541015625,0.8888888888888888
spot726,6,18,False,False,0.43426582031250005,0.25925925925925924
spot727,7,18,False,False,0.0035888671875000007,0.4444444444444444
spot728,8,18,False,False,0.10741250000000001,0.2222222222222222
spot729,9,18,True,True,0.92032919921875,1.0
spot730,10,18,True,True,0.80578125,1.0
spot731,11,18,True,True,0.97978359375,1.0
spot732,12,18,True,True,0.92067158203125,1.0
spot733,13,18,True,True,0.8052,1.0
spot734,14,18,True,True,0.83775791015625,1.0
spot735,15,18,True,True,0.84996484375,1.0
spot736,16,18,True,True,0.8550421874999999,1.0
spot737,17,18,True,True,0.9260984375,1.0
spot738,18,18,True,True,0.90606689453125,1.0
spot739,19,18,True,True,0.852277734375,1.0
spot740,20,18,False,False,0.040431445312499995,0.3333333333333333
spot741,21,18,False,True,0.5264501953124999,0.7777777777777778
spot742,22,18,False,False,0.17661699218750002,0.07407407407407407
spot743,23,18,False,False,0.25032421875,0.8148148148148148
spot744,24,18,False,False,0.0913330078125,0.6666666666666666
spot745,25,18,False,False,0.18276464843750004,1.0
spot746,26,18,False,False,0.17202949218749997,1.0
spot747,27,18,False,False,0.017560156250000014,1.0
spot748,28,18,False,False,0.2144775390625,1.0
spot749,29,18,False,False,0.15315615234374996,1.0
spot750,30,18,False,True,0.5356494140625,0.14814814814814814
spot751,31,18,False,False,0.02103613281250001,1.0
spot752,32,18,False,False,0.13735986328125002,0.8888888888888888
spot753,33,18,False,False,0.17099062499999998,0.24691358024691357
spot754,34,18,False,True,0.46300322265625,0.14814814814814814
spot755,35,18,False,False,0.05753681640624998,0.7407407407407407
spot756,36,18,False,False,0.10214453124999999,0.6666666666666666
spot757,37,18,False,False,0.26090859375,1.0
spot758,38,18,False,False,0.3284033203125,0.7777777777777778
spot759,39,18,False,False,0.092090625,0.48148148148148145
spot760,0,19,False,False,0.349248046875,0.12345679012345678
spot761,1,19,False,False,0.018497460937499998,1.0
spot762,2,19,False,False,0.25683583984374997,0.8518518518518519
spot763,3,19,False,False,0.14948828125,0.37037037037037035
spot764,4,19,False,True,0.73393515625,0.4074074074074074
spot765,5,19,False,False,0.1612810546875,1.0
spot766,6,19,False,False,0.06968544921875,0.8148148148148148
spot767,7,19,False,False,0.0006601562499999999,0.37037037037037035
spot768,8,19,True,True,0.80717421875,1.0
spot769,9,19,True,True,0.96708330078125,1.0
spot770,10,19,True,True,0.8222607421875,1.0
spot771,11,19,True,True,0.8290046875,1.0
spot772,12,19,True,True,0.8554764648437501,1.0
spot773,13,19,True,True,0.877297265625,1.0
spot774,14,19,True,True,0.8940064453125,1.0
spot775,15,19,True,True,0.9481890625,1.0
spot776,16,19,True,True,0.8950904296875,1.0
spot777,17,19,True,True,0.8015068359374999,1.0
spot778,18,19,True,True,0.854413671875,1.0
spot779,19,19,True,True,0.826510546875,1.0
spot780,20,19,True,True,0.88353125,1.0
spot781,21,19,False,False,0.1748634765625,0.2962962962962963
spot782,22,19,False,False,0.26190136718749996,0.3333333333333333
spot783,23,19,False,False,0.3668421875,0.5555555555555556
spot784,24,19,False,False,0.18190703124999996,0.8148148148148148
spot785,25,19,False,True,0.5419126953125,0.30864197530864196
spot786,26,19,False,False,0.0196875,0.7777777777777778
spot787,27,19,False,False,0.08351230468749998,1.0
spot788,28,19,False,False,0.28892500000000004,0.8888888888888888
spot789,29,19,False,False,0.015219531249999994,1.0
spot790,30,19,False,False,0.0987263671875,0.2222222222222222
spot791,31,19,False,False,0.0004154296874999911,1.0
spot792,32,19,False,False,0.04548417968749998,1.0
spot793,33,19,False,False,0.00015058593749999678,1.0
spot794,34,19,False,True,0.7625615234375,0.5432098765432098
spot795,35,19,False,True,0.7580671874999999,0.6666666666666666
spot796,36,19,False,False,0.22926093750000004,0.7407407407407407
spot797,37,19,False,False,0.3487453125,0.6666666666666666
spot798,38,19,False,False,0.0103974609375,0.37037037037037035
spot799,39,19,False,True,0.668655859375,0.32098765432098764
spot800,0,20,False,False,0.1939994140625,0.3333333333333333
spot801,1,20,False,False,0.094609375,0.7777777777777778
spot802,2,20,False,True,0.4449873046875001,0.14814814814814814
spot803,3,20,False,False,0.056427539062500004,1.0
spot804,4,20,False,False,0.055986328125,1.0
spot805,5,20,False,False,0.006238476562500038,1.0
spot806,6,20,False,False,0.24806445312499997,0.35802469135802467
spot807,7,20,False,False,0.154751953125,0.3333333333333333
spot808,8,20,True,True,0.867955078125,1.0
spot809,9,20,True,True,0.9496318359374999,1.0
spot810,10,20,True,True,0.8978193359375001,1.0
spot811,11,20,True,True,0.906422265625,1.0
spot812,12,20,True,True,0.76459375,1.0
spot813,13,20,True,True,0.9697060546875,1.0
spot814,14,20,True,True,0.8739521484375,1.0
spot815,15,20,True,True,0.8443359375,1.0
spot816,16,20,True,True,0.73740380859375,0.9629629629629629
spot817,17,20,True,True,0.8736099609375,1.0
spot818,18,20,True,True,0.875666015625,1.0
spot819,19,20,True,True,0.9903318359375001,1.0
spot820,20,20,True,True,0.93533876953125,1.0
spot821,21,20,False,False,0.390373828125,0.12345679012345678
spot822,22,20,False,False,0.030004101562499996,0.3333333333333333
spot823,23,20,False,False,0.15026689453125,0.4444444444444444
spot824,24,20,False,False,0.298215234375,0.4074074074074074
spot825,25,20,False,False,0.11545078125,0.8148148148148148
spot826,26,20,False,False,0.36242871093749995,0.7037037037037037
spot827,27,20,False,False,0.30304980468750004,0.8888888888888888
spot828,28,20,False,False,0.05790654296875,1.0
spot829,29,20,False,False,0.044887500000000004,1.0
spot830,30,20,False,False,0.26045576171874996,1.0
spot831,31,20,False,True,0.5952623046875001,0.2222222222222222
spot832,32,20,False,False,0.04475625,1.0
spot833,33,20,False,True,0.6821876953125,0.3333333333333333
spot834,34,20,False,False,0.0014203124999999997,1.0
spot835,35,20,False,False,0.42419960937500006,0.9259259259259259
spot836,36,20,False,False,0.013204687500000001,0.14814814814814814
spot837,37,20,False,False,0.25156855468749995,0.3333333333333333
spot838,38,20,False,False,0.0739173828125,0.6172839506172839
spot839,39,20,False,False,0.26257841796875,0.6666666666666666
spot840,0,21,False,True,0.447125,0.2222222222222222
spot841,1,21,False,False,0.001662890624999999,0.37037037037037035
spot842,2,21,False,False,0.11908769531250002,0.8148148148148148
spot843,3,21,False,False,0.10556640625000001,1.0
spot844,4,21,False,False,0.21588085937499998,1.0
spot845,5,21,False,False,0.0510125,0.7407407407407407
spot846,6,21,False,False,0.4104064453125,0.2222222222222222
spot847,7,21,True,True,0.9551919921875001,1.0
spot848,8,21,True,True,0.8699857421875,1.0
spot849,9,21,True,True,0.808048828125,1.0
spot850,10,21,True,True,0.8957197265625,1.0
spot851,11,21,True,True,0.77309423828125,1.0
spot852,12,21,True,True,0.8317775390625001,1.0
spot853,13,21,True,True,0.9187013671875001,1.0
spot854,14,21,True,True,0.8995705078125,1.0
spot855,15,21,True,True,0.9482541015625,1.0
spot856,16,21,True,True,0.8547236328125,1.0
spot857,17,21,True,True,0.8330537109375,1.0
spot858,18,21,True,True,0.8183765625,1.0
spot859,19,21,True,True,0.894834375,1.0
spot860,20,21,True,True,0.813783984375,1.0
spot861,21,21,True,True,0.8600328125000001,1.0
spot862,22,21,False,False,0.0679732421875,0.7037037037037037
spot863,23,21,False,False,0.307980859375,0.4444444444444444
spot864,24,21,False,True,0.6146900390625,0.6296296296296297
spot865,25,21,False,True,0.6357541015625,0.8518518518518519
spot866,26,21,False,False,0.31673408203125003,0.37037037037037035
spot867,27,21,False,False,0.25339677734375,0.8888888888888888
spot868,28,21,False,False,0.17720126953124998,1.0
spot869,29,21,False,False,0.12093251953125,1.0
spot870,30,21,False,False,0.03455078125,1.0
spot871,31,21,False,True,0.5796727539062501,0.2345679012345679
spot872,32,21,False,False,0.013650000000000013,1.0
spot873,33,21,False,False,0.0018328124999999994,1.0
spot874,34,21,False,True,0.4363510742187501,0.14814814814814814
spot875,35,21,False,False,0.012851171875,0.9259259259259259
spot876,36,21,False,False,0.1265017578125,0.3333333333333333
spot877,37,21,False,False,0.21059160156249998,0.6666666666666666
spot878,38,21,False,False,0.34849130859375,1.0
spot879,39,21,False,False,0.3976722656250001,0.8888888888888888
spot880,0,22,False,False,0.47376269531250004,0.2962962962962963
spot881,1,22,False,False,0.15890546875,0.9629629629629629
spot882,2,22,False,True,0.606671484375,0.2962962962962963
spot883,3,22,False,False,0.1738240234375,0.9259259259259259
spot884,4,22,False,False,0.04355410156250001,1.0
spot885,5,22,False,False,0.09643798828125,0.6666666666666666
spot886,6,22,False,False,0.176044921875,0.3333333333333333
spot887,7,22,True,True,0.92508515625,1.0
spot888,8,22,True,True,0.887246484375,1.0
spot889,9,22,True,True,0.9281900390625001,1.0
spot890,10,22,True,True,0.9717591796875,1.0
spot891,11,22,True,True,0.8480062500000001,1.0
spot892,12,22,True,True,0.8480027343750001,1.0
spot893,13,22,True,True,0.6761748046875,0.9629629629629629
spot894,14,22,True,True,0.9422638671875001,1.0
spot895,15,22,True,True,0.88671591796875,1.0
spot896,16,22,True,True,0.88038671875,1.0
spot897,17,22,True,True,0.8693839843750001,1.0
spot898,18,22,True,True,0.901810546875,1.0
spot899,19,22,True,True,0.746640625,1.0
spot900,20,22,True,True,0.9713956054687499,1.0
spot901,21,22,True,True,0.8906605468750001,1.0
spot902,22,22,False,False,0.009192187500000002,0.3333333333333333
spot903,23,22,False,False,0.1572265625,0.5555555555555556
spot904,24,22,False,False,0.320298046875,0.48148148148148145
spot905,25,22,False,False,0.27216396484375,0.19753086419753085
spot906,26,22,False,False,0.189284765625,1.0
spot907,27,22,False,False,0.19665234375,0.8888888888888888
spot908,28,22,False,False,0.18383964843750003,1.0
spot909,29,22,False,False,0.40952343750000003,1.0
spot910,30,22,False,False,0.023684570312499972,1.0
spot911,31,22,False,False,0.15048515625,0.48148148148148145
spot912,32,22,False,False,0.06981406250000001,1.0
spot913,33,22,False,False,0.264232421875,1.0
spot914,34,22,False,False,0.17808349609375002,1.0
spot915,35,22,False,False,0.09177841796875,1.0
spot916,36,22,False,False,0.20481181640624996,1.0
spot917,37,22,False,False,0.043150781250000006,1.0
spot918,38,22,False,False,0.1541162109375,1.0
spot919,39,22,False,False,0.000565234374999988,1.0
spot920,0,23,False,False,0.12132158203125003,0.4444444444444444
spot921,1,23,False,False,0.19292656249999998,0.7407407407407407
spot922,2,23,False,False,0.015500976562500001,0.5555555555555556
spot923,3,23,False,False,0.2943232421875,0.8148148148148148
spot924,4,23,False,False,0.249168359375,1.0
spot925,5,23,False,False,0.025284374999999998,0.5185185185185185
spot926,6,23,False,False,0.137030078125,0.7777777777777778
spot927,7,23,True,True,0.8993275390625,1.0
spot928,8,23,True,True,0.8011951171875,1.0
spot929,9,23,True,True,0.896730859375,1.0
spot930,10,23,True,True,0.8902783203125,1.0
spot931,11,23,True,True,0.9214358398437499,1.0
spot932,12,23,True,True,0.9859716796874999,1.0
spot933,13,23,True,True,0.9399642578125,1.0
spot934,14,23,True,True,0.9051052734375,1.0
spot935,15,23,True,True,0.914801171875,1.0
spot936,16,23,True,True,0.9155009765625,1.0
spot937,17,23,True,True,0.8988240234375,1.0
spot938,18,23,True,True,0.887094140625,1.0
spot939,19,23,True,True,0.90045556640625,1.0
spot940,20,23,True,True,0.918994921875,1.0
spot941,21,23,True,True,0.8872285156249999,1.0
spot942,22,23,False,False,0.002990624999999997,0.4444444444444444
spot943,23,23,False,False,0.026763281249999996,0.5555555555555556
spot944,24,23,False,False,0.3375609375,0.8888888888888888
spot945,25,23,False,False,0.07341005859374998,1.0
spot946,26,23,False,False,0.05153750000000001,1.0
spot947,27,23,False,False,0.09446044921874999,1.0
spot948,28,23,False,False,0.05437500000000001,0.8148148148148148
spot949,29,23,False,False,0.12285234374999998,0.9259259259259259
spot950,30,23,False,False,0.1274109375,0.24691358024691357
spot951,31,23,False,False,0.4606558593750001,0.7037037037037037
spot952,32,23,False,False,0.19775195312500002,0.14814814814814814
spot953,33,23,False,False,0.07954160156249998,1.0
spot954,34,23,False,False,0.14238105468750004,1.0
spot955,35,23,False,False,0.006144531249999994,1.0
spot956,36,23,False,False,0.14597656250000005,1.0
spot957,37,23,False,False,0.3069568359375,0.2222222222222222
spot958,38,23,False,False,0.009861328125000022,1.0
spot959,39,23,False,False,0.04721484374999998,1.0
spot960,0,24,False,False,0.024215624999999998,0.3333333333333333
spot961,1,24,False,False,0.12684160156250002,0.7037037037037037
spot962,2,24,False,False,0.031179199218749988,0.3333333333333333
spot963,3,24,False,False,0.35255390625000005,0.19753086419753085
spot964,4,24,False,False,0.04707890624999999,1.0
spot965,5,24,False,False,0.026050781250000005,0.8148148148148148
spot966,6,24,False,False,0.01764521484375,0.3333333333333333
spot967,7,24,False,False,0.22789765625,0.3333333333333333
spot968,8,24,True,True,0.843950390625,1.0
spot969,9,24,True,True,0.87269609375,1.0
spot970,10,24,True,True,0.92696884765625,1.0
spot971,11,24,True,True,0.8776339843750001,1.0
spot972,12,24,True,True,0.8397509765625001,1.0
spot973,13,24,True,True,0.9024257812500001,1.0
spot974,14,24,True,True,0.8079585937499999,1.0
spot975,15,24,True,True,0.8215183593750001,1.0
spot976,16,24,True,True,0.8674724609375,1.0
spot977,17,24,True,True,0.9766587890625,1.0
spot978,18,24,True,True,0.9393890624999999,1.0
spot979,19,24,True,True,0.9291915039062499,1.0
spot980,20,24,True,True,0.92958046875,1.0
spot981,21,24,False,False,0.21185937500000004,0.3333333333333333
spot982,22,24,False,False,0.17027812499999995,0.37037037037037035
spot983,23,24,False,False,0.10815390625,0.6296296296296297
spot984,24,24,False,False,0.21510341796875,0.4074074074074074
spot985,25,24,False,False,0.2819251953125,0.9629629629629629
spot986,26,24,False,False,0.0174013671875,1.0
spot987,27,24,False,False,0.39239453124999996,0.48148148148148145
spot988,28,24,False,False,0.0021621093749999995,0.5185185185185185
spot989,29,24,False,False,0.086308984375,0.5185185185185185
spot990,30,24,False,True,0.555353125,0.35802469135802467
spot991,31,24,False,False,0.33274892578125004,1.0
spot992,32,24,False,False,0.28625283203125,1.0
spot993,33,24,False,False,0.010644921874999996,1.0
spot994,34,24,False,False,0.07863876953125001,1.0
spot995,35,24,False,False,0.30230839843749996,0.8888888888888888
spot996,36,24,False,False,0.378890625,0.5555555555555556
spot997,37,24,False,False,0.29530058593749997,0.3333333333333333
spot998,38,24,False,False,0.09709833984375003,1.0
spot999,39,24,False,False,0.12310908203125001,0.3333333333333333
spot1000,0,25,False,False,0.3436638671875,0.7777777777777778
spot1001,1,25,False,False,0.01951767578125,0.4074074074074074
spot1002,2,25,False,True,0.5718037109375,0.25925925925925924
spot1003,3,25,False,False,0.0021884765625000005,0.9259259259259259
spot1004,4,25,False,False,0.0138427734375,1.0
spot1005,5,25,False,False,0.0183697265625,0.7407407407407407
spot1006,6,25,False,False,0.12422265625000001,0.5185185185185185
spot1007,7,25,False,False,0.040371093749999996,0.7407407407407407
spot1008,8,25,True,True,0.89240283203125,1.0
spot1009,9,25,True,True,0.901541015625,1.0
spot1010,10,25,True,True,0.8363689453125001,1.0
spot1011,11,25,True,True,0.9165488281249999,1.0
spot1012,12,25,True,True,0.8011673828125,1.0
spot1013,13,25,True,True,0.9065117187499999,1.0
spot1014,14,25,True,True,0.906982421875,1.0
spot1015,15,25,True,True,0.7969716796875,1.0
spot1016,16,25,True,True,0.8917828125,1.0
spot1017,17,25,True,True,0.8482072265624999,1.0
spot1018,18,25,True,True,0.8380564453125,1.0
spot1019,19,25,True,True,0.8791792968750001,1.0
spot1020,20,25,True,True,0.9301441406250001,1.0
spot1021,21,25,False,False,0.015433593750000002,0.3333333333333333
spot1022,22,25,False,False,0.0170033203125,0.37037037037037035
spot1023,23,25,False,False,0.33691259765625003,0.6666666666666666
spot1024,24,25,False,False,0.15754921875,0.5925925925925926
spot1025,25,25,False,False,0.021357421875000022,0.8518518518518519
spot1026,26,25,False,False,0.501269140625,0.6666666666666666
spot1027,27,25,False,False,0.02830166015625,0.6666666666666666
spot1028,28,25,False,False,0.191778125,1.0
spot1029,29,25,False,False,0.1973111328125,0.4444444444444444
spot1030,30,25,False,False,0.12523505859375,0.8148148148148148
spot1031,31,25,False,False,0.10546035156250001,1.0
spot1032,32,25,False,False,0.16367851562500002,1.0
spot1033,33,25,False,False,0.2394970703125,1.0
spot1034,34,25,False,False,0.14831328124999998,0.8148148148148148
spot1035,35,25,False,False,0.10518925781249999,0.5185185185185185
spot1036,36,25,False,False,0.05490009765625,0.7777777777777778
spot1037,37,25,False,False,0.1005078125,1.0
spot1038,38,25,False,False,0.0402451171875,1.0
spot1039,39,25,False,False,0.13803281250000002,1.0
spot1040,0,26,False,False,0.33201796875,0.7037037037037037
spot1041,1,26,False,False,0.09194326171875,0.5185185185185185
spot1042,2,26,False,True,0.583717578125,0.6790123456790124
spot1043,3,26,False,False,0.27333779296875,0.19753086419753085
spot1044,4,26,False,False,0.39937519531250004,0.14814814814814814
spot1045,5,26,False,False,0.0698080078125,0.9259259259259259
spot1046,6,26,False,False,0.09969599609374999,0.9259259259259259
spot1047,7,26,False,False,0.013603515624999998,0.37037037037037035
spot1048,8,26,False,False,0.022633593749999986,0.3333333333333333
spot1049,9,26,True,True,0.9666123046875,1.0
spot1050,10,26,True,True,0.8193037109375,1.0
spot1051,11,26,True,True,0.9478792968749999,1.0
spot1052,12,26,True,True,0.9461918945312501,1.0
spot1053,13,26,True,True,0.9285058593750001,1.0
spot1054,14,26,True,True,0.78784345703125,1.0
spot1055,15,26,True,True,0.8998298828125,1.0
spot1056,16,26,True,True,0.93172822265625,1.0
spot1057,17,26,True,True,0.9754560546875001,1.0
spot1058,18,26,True,True,0.9015859375,1.0
spot1059,19,26,True,True,0.9307327148437501,1.0
spot1060,20,26,False,False,0.037052148437499995,0.3333333333333333
spot1061,21,26,False,False,0.31619697265624996,0.37037037037037035
spot1062,22,26,False,False,0.36358476562500003,0.5925925925925926
spot1063,23,26,False,False,0.145263671875,0.3333333333333333
spot1064,24,26,False,True,0.50299921875,0.37037037037037035
spot1065,25,26,False,False,0.23640625,0.7037037037037037
spot1066,26,26,False,False,0.012919921874999999,0.3333333333333333
spot1067,27,26,False,True,0.438619921875,0.19753086419753085
spot1068,28,26,False,False,0.03181201171875,0.7777777777777778
spot1069,29,26,False,True,0.7428730468749999,0.3333333333333333
spot1070,30,26,False,False,0.28132851562500005,0.8888888888888888
spot1071,31,26,False,False,0.014551074218749998,1.0
spot1072,32,26,False,False,0.08688398437499999,0.8888888888888888
spot1073,33,26,False,False,0.19425390625,0.41975308641975306
spot1074,34,26,False,False,0.27045703125,0.25925925925925924
spot1075,35,26,False,False,0.3956572265625,0.8641975308641975
spot1076,36,26,False,False,0.04443359375,0.8518518518518519
spot1077,37,26,False,False,0.06010107421875004,1.0
spot1078,38,26,False,False,0.09035039062500001,1.0
spot1079,39,26,False,False,0.018137109375000005,1.0
spot1080,0,27,False,False,0.020014941406250007,1.0
spot1081,1,27,False,True,0.48962705078124996,0.19753086419753085
spot1082,2,27,False,False,0.34706074218750005,0.12345679012345678
spot1083,3,27,False,False,0.43726035156250004,0.5185185185185185
spot1084,4,27,False,False,0.27049472656250007,0.7777777777777778
spot1085,5,27,False,False,0.11838574218750003,0.7037037037037037
spot1086,6,27,False,False,0.18315527343750002,0.8148148148148148
spot1087,7,27,False,False,0.014598632812499998,0.7037037037037037
spot1088,8,27,False,True,0.5642634765625,0.7037037037037037
spot1089,9,27,True,True,0.922487109375,1.0
spot1090,10,27,True,True,0.86990625,1.0
spot1091,11,27,True,True,0.940944140625,1.0
spot1092,12,27,True,True,0.820960546875,1.0
spot1093,13,27,True,True,0.934833203125,1.0
spot1094,14,27,True,True,0.94973095703125,1.0
spot1095,15,27,True,True,0.9653642578125,1.0
spot1096,16,27,True,True,0.7334125,1.0
spot1097,17,27,True,True,0.9159345703125,1.0
spot1098,18,27,True,True,0.875959765625,1.0
spot1099,19,27,True,True,0.8329840820312501,1.0
spot1100,20,27,False,False,0.048527148437499994,0.37037037037037035
spot1101,21,27,False,False,0.013792187499999997,0.6666666666666666
spot1102,22,27,False,False,0.212234375,0.9259259259259259
spot1103,23,27,False,False,0.4721792968750001,0.8148148148148148
spot1104,24,27,False,False,0.13723496093749998,0.5555555555555556
spot1105,25,27,False,False,0.030515625,1.0
spot1106,26,27,False,False,0.16718808593750004,0.3333333333333333
spot1107,27,27,False,False,0.1096453125,0.7777777777777778
spot1108,28,27,False,False,0.14902343749999997,0.37037037037037035
spot1109,29,27,False,False,0.02269628906249998,1.0
spot1110,30,27,False,False,0.015448632812500005,1.0
spot1111,31,27,False,False,0.062096484375000004,1.0
spot1112,32,27,False,False,0.015617187500000003,0.3333333333333333
spot1113,33,27,False,True,0.5498458984375,0.2222222222222222
spot1114,34,27,False,False,0.12811640624999995,0.4074074074074074
spot1115,35,27,False,False,0.32217626953125,0.8148148148148148
spot1116,36,27,False,False,0.07751953125000001,0.5925925925925926
spot1117,37,27,False,False,0.0347689453125,0.3333333333333333
spot1118,38,27,False,False,0.07623437499999998,1.0
spot1119,39,27,False,False,0.0158642578125,0.8888888888888888
spot1120,0,28,False,False,0.06824501953125003,1.0
spot1121,1,28,False,False,0.07853730468749999,1.0
spot1122,2,28,False,False,0.12324609375000001,1.0
spot1123,3,28,False,True,0.6545085937499999,0.3333333333333333
spot1124,4,28,False,False,0.22263125000000003,1.0
spot1125,5,28,False,False,0.0174650390625,0.2222222222222222
spot1126,6,28,False,True,0.738448828125,0.3333333333333333
spot1127,7,28,False,False,0.211005859375,0.8888888888888888
spot1128,8,28,False,False,0.307853125,0.30864197530864196
spot1129,9,28,False,False,0.09515605468749998,0.3333333333333333
spot1130,10,28,False,False,0.3770015625,0.2222222222222222
spot1131,11,28,True,True,0.8938666992187501,1.0
spot1132,12,28,True,True,0.88354833984375,1.0
spot1133,13,28,True,True,0.7638876953125001,1.0
spot1134,14,28,True,True,0.9273033203125,1.0
spot1135,15,28,True,True,0.94211044921875,1.0
spot1136,16,28,True,True,0.8739240234375001,1.0
spot1137,17,28,True,True,0.842384375,1.0
spot1138,18,28,False,True,0.5009814453125,0.7901234567901234
spot1139,19,28,False,False,0.232919921875,0.19753086419753085
spot1140,20,28,False,False,0.04749609375000002,0.8518518518518519
spot1141,21,28,False,False,0.28648984375000003,0.2345679012345679
spot1142,22,28,False,False,0.060349609375,1.0
spot1143,23,28,False,False,0.0022646484375000325,1.0
spot1144,24,28,False,False,0.033603515625000004,0.5555555555555556
spot1145,25,28,False,False,0.0738173828125,1.0
spot1146,26,28,False,False,0.262639453125,0.7777777777777778
spot1147,27,28,False,False,0.17071640625,0.7530864197530864
spot1148,28,28,False,False,0.14555751953124998,0.48148148148148145
spot1149,29,28,False,False,0.22461621093749995,0.9259259259259259
spot1150,30,28,False,False,0.013573437499999995,1.0
spot1151,31,28,False,True,0.502780078125,0.18518518518518517
spot1152,32,28,False,True,0.5823617187500001,0.25925925925925924
spot1153,33,28,False,False,0.023215624999999993,0.5925925925925926
spot1154,34,28,False,False,0.1913193359375,0.7037037037037037
spot1155,35,28,False,False,0.19246777343750002,0.8888888888888888
spot1156,36,28,False,False,0.3317703125,0.6666666666666666
spot1157,37,28,False,False,0.09089443359375,1.0
spot1158,38,28,False,False,0.0596064453125,0.8888888888888888
spot1159,39,28,False,False,0.178483984375,0.9259259259259259
spot1160,0,29,False,False,0.1447119140625,1.0
spot1161,1,29,False,False,0.1560388671875,0.3333333333333333
spot1162,2,29,False,False,0.023367578124999996,1.0
spot1163,3,29,False,False,0.0038886718749999863,1.0
spot1164,4,29,False,False,0.026109375000000025,1.0
spot1165,5,29,False,False,0.16616669921875002,0.8888888888888888
spot1166,6,29,False,False,0.06106445312499998,1.0
spot1167,7,29,False,False,0.019199414062500003,0.7777777777777778
spot1168,8,29,False,False,0.34673798828124996,0.3333333333333333
spot1169,9,29,False,False,0.0091291015625,0.48148148148148145
spot1170,10,29,False,False,0.043935546874999995,0.37037037037037035
spot1171,11,29,False,False,0.04826523437500001,0.3333333333333333
spot1172,12,29,False,False,0.488083203125,0.18518518518518517
spot1173,13,29,True,True,0.8683060546874999,1.0
spot1174,14,29,True,True,0.856780859375,1.0
spot1175,15,29,True,True,0.88827802734375,1.0
spot1176,16,29,False,True,0.5503994140625,0.8148148148148148
spot1177,17,29,False,False,0.024571777343749993,0.3333333333333333
spot1178,18,29,False,False,0.4027689453125,0.2222222222222222
spot1179,19,29,False,False,0.15047431640624997,0.8518518518518519
spot1180,20,29,False,False,0.008520312500000004,0.8518518518518519
spot1181,21,29,False,False,0.42263134765625,0.7037037037037037
spot1182,22,29,False,False,0.23411171875,0.4074074074074074
spot1183,23,29,False,False,0.35493261718749997,0.9259259259259259
spot1184,24,29,False,True,0.59866044921875,0.345679012345679
spot1185,25,29,False,False,0.05176328125,1.0
spot1186,26,29,False,False,0.19401474609375002,0.3333333333333333
spot1187,27,29,False,False,0.32336718750000004,0.7530864197530864
spot1188,28,29,False,False,0.1735453125,0.8888888888888888
spot1189,29,29,False,True,0.5337982421875,0.2962962962962963
spot1190,30,29,False,False,0.0643875,0.8888888888888888
spot1191,31,29,False,False,0.03354394531249999,1.0
spot1192,32,29,False,False,0.337320703125,0.3333333333333333
spot1193,33,29,False,False,0.3131375,0.8518518518518519
spot1194,34,29,False,False,0.29229550781249997,0.25925925925925924
spot1195,35,29,False,False,0.4826572265625,0.48148148148148145
spot1196,36,29,False,False,0.041275,0.2839506172839506
spot1197,37,29,False,False,0.138120703125,1.0
spot1198,38,29,False,False,0.07532275390625001,1.0
spot1199,39,29,False,False,0.3696515625,1.0
spot1200,0,30,False,False,0.011656640625000004,1.0
spot1201,1,30,False,False,0.31653574218749997,1.0
spot1202,2,30,False,False,0.0848326171875,1.0
spot1203,3,30,False,False,0.32864775390624995,0.12345679012345678
spot1204,4,30,False,False,0.03753847656250005,1.0
spot1205,5,30,False,False,0.2247375,0.8888888888888888
spot1206,6,30,False,False,0.15999375000000002,1.0
spot1207,7,30,False,False,0.09138115234375001,1.0
spot1208,8,30,False,False,0.07714355468749999,0.9259259259259259
spot1209,9,30,False,False,0.44803300781249994,0.18518518518518517
spot1210,10,30,False,False,0.07524814453125002,0.3333333333333333
spot1211,11,30,False,True,0.57308525390625,0.6296296296296297
spot1212,12,30,False,False,0.3643212890625,0.3333333333333333
spot1213,13,30,False,False,0.4896167968749999,0.2222222222222222
spot1214,14,30,False,False,0.022424609374999998,0.18518518518518517
spot1215,15,30,False,True,0.5660648437499999,0.5679012345679012
spot1216,16,30,False,False,0.24117011718750003,0.2962962962962963
spot1217,17,30,False,True,0.4253675781249999,0.6790123456790124
spot1218,18,30,False,False,0.29429619140625,0.20987654320987653
spot1219,19,30,False,False,0.1468603515625,0.7777777777777778
spot1220,20,30,False,False,0.03039609375,0.5185185185185185
spot1221,21,30,False,False,0.200307421875,1.0
spot1222,22,30,False,False,0.38630117187499996,0.5555555555555556
spot1223,23,30,False,False,0.10536347656250004,0.5925925925925926
spot1224,24,30,False,False,0.089903515625,0.7777777777777778
spot1225,25,30,False,False,0.3010078125,0.6666666666666666
spot1226,26,30,False,False,0.05252929687500001,0.4074074074074074
spot1227,27,30,False,False,0.01565625,0.6666666666666666
spot1228,28,30,False,False,0.08847617187500001,0.6666666666666666
spot1229,29,30,False,False,0.07186347656250003,0.8518518518518519
spot1230,30,30,False,False,0.008250000000000007,1.0
spot1231,31,30,False,False,0.03229726562499999,1.0
spot1232,32,30,False,False,0.17783535156250005,1.0
spot1233,33,30,False,False,0.005630078124999998,1.0
spot1234,34,30,False,False,0.14407148437499998,0.8888888888888888
spot1235,35,30,False,False,0.08943076171874999,1.0
spot1236,36,30,False,False,0.05570683593750001,1.0
spot1237,37,30,False,False,0.11243203125000001,1.0
spot1238,38,30,False,False,0.084505078125,1.0
spot1239,39,30,False,False,0.28435429687499997,0.2222222222222222
spot1240,0,31,False,False,0.16125,1.0
spot1241,1,31,False,False,0.048901562499999995,1.0
spot1242,2,31,False,False,0.2754171875,1.0
spot1243,3,31,False,False,0.28353964843749996,1.0
spot1244,4,31,False,True,0.634455859375,0.25925925925925924
spot1245,5,31,False,True,0.460468359375,0.1111111111111111
spot1246,6,31,False,False,0.0031412109374999954,1.0
spot1247,7,31,False,False,0.0039583984375,1.0
spot1248,8,31,False,False,0.21590488281249998,1.0
spot1249,9,31,False,False,0.4493255859375,0.8518518518518519
spot1250,10,31,False,False,0.326244921875,0.3333333333333333
spot1251,11,31,False,False,0.13637958984375,1.0
spot1252,12,31,False,False,0.08051308593750003,0.6666666666666666
spot1253,13,31,False,False,0.10247187499999999,0.3333333333333333
spot1254,14,31,False,False,0.1559765625,0.37037037037037035
spot1255,15,31,False,False,0.31188828125,0.6666666666666666
spot1256,16,31,False,False,0.033644531250000005,0.5679012345679012
spot1257,17,31,False,True,0.6255640625,0.5061728395061729
spot1258,18,31,False,False,0.32370205078125003,0.5555555555555556
spot1259,19,31,False,False,0.10666015625,0.5555555555555556
spot1260,20,31,False,True,0.7030283203125001,0.345679012345679
spot1261,21,31,False,False,0.06507861328125,0.8518518518518519
spot1262,22,31,False,False,0.34939482421874996,0.3333333333333333
spot1263,23,31,False,False,0.116887890625,0.8888888888888888
spot1264,24,31,False,False,0.201897265625,0.8148148148148148
spot1265,25,31,False,False,0.0004177734374999999,0.7777777777777778
spot1266,26,31,False,False,0.17872031249999998,0.6296296296296297
spot1267,27,31,False,False,0.12617666015625,0.6666666666666666
spot1268,28,31,False,False,0.128197265625,0.6296296296296297
spot1269,29,31,False,True,0.43154296875000003,0.1111111111111111
spot1270,30,31,False,False,0.048670898437500006,1.0
spot1271,31,31,False,False,0.19521562499999998,1.0
spot1272,32,31,False,False,0.051853515625000006,1.0
spot1273,33,31,False,True,0.67385859375,0.3333333333333333
spot1274,34,31,False,False,0.26463505859374997,0.19753086419753085
spot1275,35,31,False,False,0.32718359375,1.0
spot1276,36,31,False,False,0.025507519531249974,0.9629629629629629
spot1277,37,31,False,False,0.3192396484375001,1.0
spot1278,38,31,False,False,0.23382773437499998,0.3333333333333333
spot1279,39,31,False,False,0.20438437499999998,1.0
spot1280,0,32,False,False,0.0002964843750000006,1.0
spot1281,1,32,False,False,0.21057226562500003,1.0
spot1282,2,32,False,False,0.10089599609375002,1.0
spot1283,3,32,False,False,0.0420783203125,1.0
spot1284,4,32,False,False,0.17080263671875,0.7777777777777778
spot1285,5,32,False,False,0.06434121093749999,1.0
spot1286,6,32,False,False,0.07531601562500001,1.0
spot1287,7,32,False,False,0.08027890625000002,1.0
spot1288,8,32,False,False,0.01934140625,0.3333333333333333
spot1289,9,32,False,False,0.0015820312499999942,1.0
spot1290,10,32,False,False,0.014981249999999993,1.0
spot1291,11,32,False,False,0.005268750000000005,1.0
spot1292,12,32,False,False,0.25107099609375,0.7777777777777778
spot1293,13,32,False,False,0.31271367187499993,0.32098765432098764
spot1294,14,32,False,True,0.628490234375,0.3333333333333333
spot1295,15,32,False,False,0.02558906249999999,0.5185185185185185
spot1296,16,32,False,False,0.025003710937500003,0.6666666666666666
spot1297,17,32,False,False,0.06816933593749999,0.6666666666666666
spot1298,18,32,False,False,0.251825,0.4444444444444444
spot1299,19,32,False,False,0.21669140625,0.5555555555555556
spot1300,20,32,False,False,0.13484326171875,0.7407407407407407
spot1301,21,32,False,False,0.40435410156249996,0.2962962962962963
spot1302,22,32,False,False,0.15268271484374998,0.8518518518518519
spot1303,23,32,False,False,0.395103515625,0.8888888888888888
spot1304,24,32,False,True,0.70397021484375,0.35802469135802467
spot1305,25,32,False,False,0.41918535156250003,0.7160493827160493
spot1306,26,32,False,False,0.18755039062499998,0.2962962962962963
spot1307,27,32,False,True,0.55871484375,0.14814814814814814
spot1308,28,32,False,False,0.04364999999999998,0.6666666666666666
spot1309,29,32,False,False,0.04139775390624998,0.8148148148148148
spot1310,30,32,False,False,0.3437359375,0.2962962962962963
spot1311,31,32,False,False,0.10151210937499999,1.0
spot1312,32,32,False,False,0.34121552734375,0.3333333333333333
spot1313,33,32,False,False,0.33563583984375,0.8148148148148148
spot1314,34,32,False,False,0.08746679687500002,0.5555555555555556
spot1315,35,32,False,False,0.10021933593749999,0.3333333333333333
spot1316,36,32,False,False,0.051558203125,0.8518518518518519
spot1317,37,32,False,False,0.179905078125,0.4444444444444444
spot1318,38,32,False,False,0.09886230468750001,1.0
spot1319,39,32,False,False,0.028718750000000005,0.7407407407407407
spot1320,0,33,False,True,0.47862998046875005,0.19753086419753085
spot1321,1,33,False,False,0.1285431640625,1.0
spot1322,2,33,False,False,0.0732734375,1.0
spot1323,3,33,False,False,0.06392460937500004,1.0
spot1324,4,33,False,False,0.17985,0.3333333333333333
spot1325,5,33,False,False,0.4663076171874999,0.8888888888888888
spot1326,6,33,False,False,0.05687402343749998,1.0
spot1327,7,33,False,False,0.10037070312499997,1.0
spot1328,8,33,False,False,0.12904199218749998,1.0
spot1329,9,33,False,False,0.022200292968749997,0.2962962962962963
spot1330,10,33,False,False,0.2736435546875,0.8888888888888888
spot1331,11,33,False,False,0.02305458984375,0.8148148148148148
spot1332,12,33,False,False,0.1093974609375,0.7654320987654321
spot1333,13,33,False,True,0.71870712890625,0.48148148148148145
spot1334,14,33,False,False,0.09241933593750001,0.8518518518518519
spot1335,15,33,False,False,0.160730859375,0.5925925925925926
spot1336,16,33,False,False,0.24333320312500004,1.0
spot1337,17,33,False,False,0.221537890625,0.2222222222222222
spot1338,18,33,False,True,0.71132578125,0.3333333333333333
spot1339,19,33,False,False,0.31868925781249996,0.6666666666666666
spot1340,20,33,False,False,0.1769546875,1.0
spot1341,21,33,False,False,0.0,1.0
spot1342,22,33,False,False,0.12883447265625,1.0
spot1343,23,33,False,False,0.37562255859375004,0.2962962962962963
spot1344,24,33,False,False,0.0005953124999999998,0.4074074074074074
spot1345,25,33,False,False,0.25753125,0.8641975308641975
spot1346,26,33,False,False,0.24036699218750002,0.2222222222222222
spot1347,27,33,False,False,0.2679671875,0.9629629629629629
spot1348,28,33,False,False,0.3406328125,0.7037037037037037
spot1349,29,33,False,False,0.063494140625,1.0
spot1350,30,33,False,False,0.0952703125,1.0
spot1351,31,33,False,False,0.0005296875000000043,1.0
spot1352,32,33,False,False,0.23833496093750003,1.0
spot1353,33,33,False,False,0.3070634765625,0.8518518518518519
spot1354,34,33,False,True,0.545715234375,0.2962962962962963
spot1355,35,33,False,False,0.21638164062499998,1.0
spot1356,36,33,False,False,0.203203125,0.8888888888888888
spot1357,37,33,False,False,0.004384960937499999,0.9259259259259259
spot1358,38,33,False,False,0.30578164062499996,0.4444444444444444
spot1359,39,33,False,False,0.022358105468749986,0.7777777777777778
spot1360,0,34,False,False,0.08175234375,0.2962962962962963
spot1361,1,34,False,False,0.005561718749999999,1.0
spot1362,2,34,False,False,0.017281249999999998,1.0
spot1363,3,34,False,False,0.012350976562500001,1.0
spot1364,4,34,False,False,0.016329492187500027,1.0
spot1365,5,34,False,True,0.4489611328125,0.25925925925925924
spot1366,6,34,False,True,0.5711998046875,0.3333333333333333
spot1367,7,34,False,False,0.07656249999999998,1.0
spot1368,8,34,False,False,0.10657636718749999,0.8888888888888888
spot1369,9,34,False,True,0.5338,0.14814814814814814
spot1370,10,34,False,False,0.10565117187499998,0.5555555555555556
spot1371,11,34,False,True,0.619857421875,0.3333333333333333
spot1372,12,34,False,False,0.0848671875,0.3333333333333333
spot1373,13,34,False,False,0.27165439453125,0.3333333333333333
spot1374,14,34,False,False,0.11081396484375002,0.2962962962962963
spot1375,15,34,False,False,0.18530380859374998,0.7407407407407407
spot1376,16,34,False,False,0.273388671875,0.25925925925925924
spot1377,17,34,False,False,0.0010749999999999998,0.3333333333333333
spot1378,18,34,False,False,0.012909374999999999,1.0
spot1379,19,34,False,False,0.06055859375000001,1.0
spot1380,20,34,False,False,0.04695878906250001,1.0
spot1381,21,34,False,False,0.07514531250000003,1.0
spot1382,22,34,False,False,0.1671798828125,0.8888888888888888
spot1383,23,34,False,False,0.07650703125,0.6296296296296297
spot1384,24,34,False,True,0.7272865234375,0.3333333333333333
spot1385,25,34,False,False,0.11052148437499999,0.5185185185185185
spot1386,26,34,False,False,0.48423867187499997,0.8518518518518519
spot1387,27,34,False,False,0.13991162109375,0.9259259259259259
spot1388,28,34,False,False,0.10806064453125001,0.4074074074074074
spot1389,29,34,False,False,0.205284375,0.8888888888888888
spot1390,30,34,False,False,0.11353691406249998,1.0
spot1391,31,34,False,True,0.56818984375,0.2222222222222222
spot1392,32,34,False,False,0.05678964843750004,0.8888888888888888
spot1393,33,34,False,False,0.27718359375,0.6666666666666666
spot1394,34,34,False,False,0.310203515625,0.9629629629629629
spot1395,35,34,False,False,0.08481269531249999,0.9629629629629629
spot1396,36,34,False,False,0.18955507812499994,1.0
spot1397,37,34,False,False,0.49381445312500005,0.2962962962962963
spot1398,38,34,False,False,0.2924419921875,0.6666666666666666
spot1399,39,34,False,False,0.1315810546875,0.4444444444444444
spot1400,0,35,False,False,0.029466796875,0.9629629629629629
spot1401,1,35,False,False,0.043462499999999994,0.14814814814814814
spot1402,2,35,False,False,0.1378173828125,1.0
spot1403,3,35,False,False,0.11226953124999998,1.0
spot1404,4,35,False,False,0.012092773437499989,1.0
spot1405,5,35,False,False,0.37781943359375003,0.8888888888888888
spot1406,6,35,False,False,0.39394365234375006,0.07407407407407407
spot1407,7,35,False,False,0.3158419921875,0.8888888888888888
spot1408,8,35,False,False,0.0760546875,0.2222222222222222
spot1409,9,35,False,False,0.007846874999999998,0.8518518518518519
spot1410,10,35,False,False,0.10483056640624998,1.0
spot1411,11,35,False,False,0.10640742187499998,1.0
spot1412,12,35,False,False,0.16076054687499997,0.8148148148148148
spot1413,13,35,False,False,0.06615625,0.5185185185185185
spot1414,14,35,False,False,0.13443056640625,0.37037037037037035
spot1415,15,35,False,False,0.35662578125,0.5185185185185185
spot1416,16,35,False,False,0.18257812500000004,0.8148148148148148
spot1417,17,35,False,True,0.46878779296875,0.12345679012345678
spot1418,18,35,False,False,0.36285,0.7777777777777778
spot1419,19,35,False,False,0.0124873046875,1.0
spot1420,20,35,False,False,0.4746599609375,0.8148148148148148
spot1421,21,35,False,False,0.02968828125,0.8888888888888888
spot1422,22,35,False,True,0.6115494140625,0.3333333333333333
spot1423,23,35,False,False,0.043050390625000004,0.48148148148148145
spot1424,24,35,False,False,0.46918828124999995,0.2962962962962963
spot1425,25,35,False,False,0.01641875,0.4074074074074074
spot1426,26,35,False,False,0.07225576171874999,0.8888888888888888
spot1427,27,35,False,False,0.009795703125,0.8148148148148148
spot1428,28,35,False,True,0.5543929687500001,0.2962962962962963
spot1429,29,35,False,False,0.018974609375000003,1.0
spot1430,30,35,False,False,0.06685136718750002,1.0
spot1431,31,35,False,False,0.058792968750000014,0.7037037037037037
spot1432,32,35,False,False,0.34475,0.4691358024691358
spot1433,33,35,False,False,0.39866708984375004,0.48148148148148145
spot1434,34,35,False,False,0.408984375,0.5555555555555556
spot1435,35,35,False,False,0.11567050781250002,0.6666666666666666
spot1436,36,35,False,False,0.33987890625000006,0.2962962962962963
spot1437,37,35,False,False,0.432724609375,0.4074074074074074
spot1438,38,35,False,False,0.0007558593750000001,0.7407407407407407
spot1439,39,35,False,False,0.12877734375,0.6666666666666666
spot1440,0,36,False,False,0.084428515625,0.8888888888888888
spot1441,1,36,False,False,0.3785478515625,1.0
spot1442,2,36,False,False,0.10936250000000002,0.8518518518518519
spot1443,3,36,False,True,0.686498046875,0.3333333333333333
spot1444,4,36,False,False,0.004510156250000008,1.0
spot1445,5,36,False,False,0.35062998046875,1.0
spot1446,6,36,False,False,0.070971875,1.0
spot1447,7,36,False,False,0.346919140625,1.0
spot1448,8,36,False,False,0.19554970703125002,0.8518518518518519
spot1449,9,36,False,True,0.53884423828125,0.3333333333333333
spot1450,10,36,False,False,0.143169140625,1.0
spot1451,11,36,False,False,0.46191484374999997,0.8148148148148148
spot1452,12,36,False,False,0.1996138671875,1.0
spot1453,13,36,False,False,0.08349960937499999,0.5185185185185185
spot1454,14,36,False,False,0.0778875,0.8518518518518519
spot1455,15,36,False,True,0.6176684570312501,0.4074074074074074
spot1456,16,36,False,False,0.05023125,0.48148148148148145
spot1457,17,36,False,False,0.075483984375,0.5185185185185185
spot1458,18,36,False,False,0.278974609375,0.2962962962962963
spot1459,19,36,False,False,0.011526367187499966,0.8888888888888888
spot1460,20,36,False,False,0.24015810546875,1.0
spot1461,21,36,False,False,0.11390283203125001,0.43209876543209874
spot1462,22,36,False,True,0.5225033203125,0.14814814814814814
spot1463,23,36,False,False,0.25381962890625,0.8148148148148148
spot1464,24,36,False,False,0.169845703125,0.48148148148148145
spot1465,25,36,False,False,0.296213671875,0.5555555555555556
spot1466,26,36,False,False,0.16662324218750002,0.6296296296296297
spot1467,27,36,False,True,0.5151494140625,0.2222222222222222
spot1468,28,36,False,False,0.15863476562499998,0.4444444444444444
spot1469,29,36,False,False,0.029761816406250006,1.0
spot1470,30,36,False,False,0.06950781249999999,0.2222222222222222
spot1471,31,36,False,False,0.25655009765625003,0.5185185185185185
spot1472,32,36,False,False,0.091474609375,0.8888888888888888
spot1473,33,36,False,False,0.43201962890625,0.2222222222222222
spot1474,34,36,False,False,0.37036054687500003,0.2962962962962963
spot1475,35,36,False,False,0.14701455078125,0.48148148148148145
spot1476,36,36,False,False,0.40021845703125,0.654320987654321
spot1477,37,36,False,False,0.022026855468750002,0.48148148148148145
spot1478,38,36,False,False,0.05016621093750001,0.6666666666666666
spot1479,39,36,False,False,0.10435468750000006,0.7777777777777778
spot1480,0,37,False,False,0.03285,0.6296296296296297
spot1481,1,37,False,False,0.23593349609375003,0.7777777777777778
spot1482,2,37,False,False,0.23493701171875003,1.0
spot1483,3,37,False,False,0.116878125,1.0
spot1484,4,37,False,False,0.0037851562499999977,1.0
spot1485,5,37,False,False,0.032217187499999994,1.0
spot1486,6,37,False,False,0.03438378906249998,1.0
spot1487,7,37,False,False,0.24446328125000003,0.8888888888888888
spot1488,8,37,False,False,0.09403359374999999,0.7407407407407407
spot1489,9,37,False,False,0.47757841796875,0.8888888888888888
spot1490,10,37,False,False,0.015617187500000013,1.0
spot1491,11,37,False,False,0.0387984375,1.0
spot1492,12,37,False,False,0.21702304687500001,1.0
spot1493,13,37,False,False,0.07135781249999999,0.4074074074074074
spot1494,14,37,False,True,0.594270703125,0.3333333333333333
spot1495,15,37,False,False,0.11632500000000001,0.2222222222222222
spot1496,16,37,False,False,0.20147607421874997,0.3333333333333333
spot1497,17,37,False,False,0.04109941406249997,0.5555555555555556
spot1498,18,37,False,False,0.150521875,1.0
spot1499,19,37,False,False,0.15875048828125002,0.25925925925925924
spot1500,20,37,False,False,0.15054687500000002,0.7777777777777778
spot1501,21,37,False,False,0.082098046875,0.6296296296296297
spot1502,22,37,False,False,0.16174296875,0.7037037037037037
spot1503,23,37,False,False,0.049027734375,0.7037037037037037
spot1504,24,37,False,False,0.03549218749999999,0.5925925925925926
spot1505,25,37,False,False,0.1163953125,0.48148148148148145
spot1506,26,37,False,False,0.10590429687499998,1.0
spot1507,27,37,False,False,0.3916544921875,0.5925925925925926
spot1508,28,37,False,False,0.2171998046875,0.5925925925925926
spot1509,29,37,False,True,0.46682988281250004,0.16049382716049382
spot1510,30,37,False,False,0.131181640625,0.5555555555555556
spot1511,31,37,False,False,0.29360107421875004,0.3333333333333333
spot1512,32,37,False,False,0.26937412109375,0.7777777777777778
spot1513,33,37,False,False,0.176783203125,0.2222222222222222
spot1514,34,37,False,False,0.448388671875,0.7407407407407407
spot1515,35,37,False,True,0.6586020507812499,0.6296296296296297
spot1516,36,37,False,False,0.05244179687499999,0.5925925925925926
spot1517,37,37,False,False,0.45762451171874996,0.7037037037037037
spot1518,38,37,False,False,0.0874109375,0.5555555555555556
spot1519,39,37,False,False,0.032353124999999996,0.8888888888888888
spot1520,0,38,False,True,0.7256875,0.691358024691358
spot1521,1,38,False,True,0.4593703125,0.5185185185185185
spot1522,2,38,False,False,0.10219726562500003,0.9629629629629629
spot1523,3,38,False,False,0.060198925781249996,1.0
spot1524,4,38,False,False,0.004289062500000001,1.0
spot1525,5,38,False,False,0.0028601562499999938,1.0
spot1526,6,38,False,False,0.0320310546875,1.0
spot1527,7,38,False,False,0.212982421875,0.3950617283950617
spot1528,8,38,False,False,0.5050910156249999,0.5925925925925926
spot1529,9,38,False,False,0.1553466796875,0.9629629629629629
spot1530,10,38,False,False,0.13185,0.25925925925925924
spot1531,11,38,False,False,0.1445,0.25925925925925924
spot1532,12,38,False,True,0.57097265625,0.18518518518518517
spot1533,13,38,False,False,0.023115234375,0.6296296296296297
spot1534,14,38,False,False,0.1718580078125,0.3333333333333333
spot1535,15,38,False,False,0.26249140625,0.8888888888888888
spot1536,16,38,False,False,0.286698046875,0.8888888888888888
spot1537,17,38,False,False,0.4199634765625,0.5555555555555556
spot1538,18,38,False,False,0.11172187500000003,0.9629629629629629
spot1539,19,38,False,False,0.4143650390625,0.8518518518518519
spot1540,20,38,False,False,0.14798437499999997,1.0
spot1541,21,38,False,False,0.032071484375,0.9629629629629629
spot1542,22,38,False,True,0.5622689453125,0.2222222222222222
spot1543,23,38,False,False,0.13110234375000002,1.0
spot1544,24,38,False,False,0.10353749999999998,0.4074074074074074
spot1545,25,38,False,True,0.52555546875,0.2962962962962963
spot1546,26,38,False,False,0.026449999999999998,1.0
spot1547,27,38,False,False,0.03435937499999998,1.0
spot1548,28,38,False,False,0.27407109375,0.35802469135802467
spot1549,29,38,False,True,0.38147578125000003,0.41975308641975306
spot1550,30,38,False,False,0.38482734375000005,0.25925925925925924
spot1551,31,38,False,False,0.218061328125,0.7407407407407407
spot1552,32,38,False,False,0.017546484374999997,0.5555555555555556
spot1553,33,38,False,False,0.04103749999999998,1.0
spot1554,34,38,False,False,0.15543749999999998,1.0
spot1555,35,38,False,False,0.32005673828125003,0.9259259259259259
spot1556,36,38,False,False,0.006880371093750005,0.7777777777777778
spot1557,37,38,False,False,0.14,0.6666666666666666
spot1558,38,38,False,False,0.4555048828125,0.5555555555555556
spot1559,39,38,False,False,0.11455078125000001,0.4444444444444444
spot1560,0,39,False,True,0.5792185546875,0.7037037037037037
spot1561,1,39,False,False,0.31595605468750004,0.37037037037037035
spot1562,2,39,False,False,0.30378486328125,0.4074074074074074
spot1563,3,39,False,False,0.202083984375,0.25925925925925924
spot1564,4,39,False,False,0.45892333984375,0.25925925925925924
spot1565,5,39,False,True,0.68393125,0.2962962962962963
spot1566,6,39,False,False,0.15202636718749998,1.0
spot1567,7,39,False,False,0.019218750000000007,1.0
spot1568,8,39,False,True,0.55512763671875,0.2222222222222222
spot1569,9,39,False,False,0.12661992187499999,1.0
spot1570,10,39,False,False,0.10022548828125001,1.0
spot1571,11,39,False,False,0.037578125000000025,1.0
spot1572,12,39,False,False,0.0135515625,0.6666666666666666
spot1573,13,39,False,False,0.10782128906249999,0.6666666666666666
spot1574,14,39,False,False,0.14398671874999996,0.3333333333333333
spot1575,15,39,False,False,0.07487421874999999,0.2222222222222222
spot1576,16,39,False,False,0.25880087890625,0.4444444444444444
spot1577,17,39,False,False,0.069225,0.4444444444444444
spot1578,18,39,False,False,0.13266660156250001,0.9629629629629629
spot1579,19,39,False,False,0.4180330078125,0.8888888888888888
spot1580,20,39,False,False,0.07989394531249999,1.0
spot1581,21,39,False,False,0.41903583984375,0.9259259259259259
spot1582,22,39,False,False,0.0037609375000000004,1.0
spot1583,23,39,False,False,0.03214160156250001,1.0
spot1584,24,39,False,False,0.30631992187499996,0.9629629629629629
spot1585,25,39,False,False,0.109156640625,1.0
spot1586,26,39,False,False,0.046038281250000014,1.0
spot1587,27,39,False,False,0.23622011718750002,1.0
spot1588,28,39,False,False,0.14429228515625003,1.0
spot1589,29,39,False,False,0.13632431640625,0.5185185185185185
spot1590,30,39,False,False,0.3521328125,0.8148148148148148
spot1591,31,39,False,False,0.1116953125,0.37037037037037035
spot1592,32,39,False,False,0.052425,0.6296296296296297
spot1593,33,39,False,False,0.11788974609375003,0.8888888888888888
spot1594,34,39,False,False,0.09181542968749999,0.9259259259259259
spot1595,35,39,False,False,0.190625,0.3333333333333333
spot1596,36,39,False,False,0.39084375,0.4074074074074074
spot1597,37,39,False,False,0.092660546875,0.4074074074074074
spot1598,38,39,False,False,0.19060263671874997,0.8888888888888888
spot1599,39,39,False,False,0.15741796875,0.5925925925925926
